Date,Open,High,Low,Close,Adj Close,Volume,MA_20,MA_50,Daily_Return,Daily_Range,Candle
2019-12-11,29.09090805053711,29.09090805053711,29.09090805053711,29.09090805053711,24.55695915222168,38289394,,,,0.0,Bearish
2019-12-12,31.983470916748047,31.983470916748047,29.752065658569336,30.41322326660156,25.67318725585937,505692621,,,4.545458717779827,2.231405258178711,Bearish
2019-12-15,30.661157608032227,30.991735458374023,30.41322326660156,30.909090042114254,26.09177017211914,98349281,,,1.6304315105503342,0.5785121917724645,Bullish
2019-12-16,30.991735458374023,31.48760223388672,30.991735458374023,31.404958724975582,26.510353088378903,105973907,,,1.6042810777855188,0.4958667755126953,Bullish
2019-12-17,31.44627952575684,31.5289249420166,30.991735458374023,31.198347091674805,26.33595085144043,142672245,,,-0.6578949366249698,0.5371894836425781,Bearish
2019-12-18,30.991735458374023,31.07438087463379,30.3305778503418,30.3305778503418,25.603422164916992,83822621,,,-2.781459026605182,0.7438030242919886,Bearish
2019-12-19,30.3305778503418,30.37190055847168,29.338842391967773,29.338842391967773,24.76625061035156,108120197,,,-3.2697545799077132,1.0330581665039062,Bearish
2019-12-22,29.42148780822754,29.504131317138672,28.84297561645508,29.173553466796875,24.62672615051269,39709972,,,-0.5633791645990427,0.6611557006835902,Bearish
2019-12-23,29.173553466796875,29.46280860900879,29.132230758666992,29.42148780822754,24.836021423339844,35098090,,,0.849859931231367,0.3305778503417969,Bullish
2019-12-24,29.46280860900879,29.504131317138672,29.173553466796875,29.25619888305664,24.696489334106445,22184338,,,-0.5617966237746685,0.3305778503417969,Bearish
2019-12-25,29.25619888305664,29.25619888305664,29.008264541625977,29.09090805053711,24.55695915222168,13572736,,,-0.5649771290530015,0.24793434143066406,Bearish
2019-12-26,29.049585342407227,29.21487617492676,28.966941833496094,29.21487617492676,24.66161155700684,13863242,,,0.42614044282940355,0.24793434143066762,Bullish
2019-12-29,29.173553466796875,29.504131317138672,29.173553466796875,29.25619888305664,24.696489334106445,22966690,,,0.14144406391611852,0.3305778503417969,Bullish
2019-12-30,29.25619888305664,29.29751968383789,29.049585342407227,29.049585342407227,24.522083282470703,13147121,,,-0.7062214113162546,0.24793434143066406,Bearish
2019-12-31,29.049585342407227,29.132230758666992,28.966941833496094,29.132230758666992,24.591842651367188,16332772,,,0.2844977485414235,0.16528892517089844,Bullish
2020-01-01,29.132230758666992,29.132230758666992,28.966941833496094,29.008264541625977,24.48719596862793,8517342,,,-0.42552943531155574,0.16528892517089844,Bearish
2020-01-02,29.008264541625977,29.132230758666992,28.966941833496094,29.049585342407227,24.522083282470703,11430744,,,0.1424449253830895,0.16528892517089844,Bullish
2020-01-05,28.92561912536621,28.92561912536621,28.51239585876465,28.55371856689453,24.103492736816406,25239125,,,-1.7069667937353206,0.4132232666015625,Bearish
2020-01-06,28.51239585876465,28.55371856689453,28.14049530029297,28.51239585876465,24.06861114501953,23401835,,,-0.1447191826629335,0.4132232666015625,Bearish
2020-01-07,28.47107315063477,28.55371856689453,28.22314071655273,28.388429641723636,23.96396827697754,13923075,29.489669036865234,,-0.43478007830375365,0.3305778503418004,Bearish
2020-01-08,28.09917259216309,28.264461517333984,28.09917259216309,28.264461517333984,23.85931968688965,22150479,29.44834671020508,,-0.4366853889214428,0.16528892517089488,Bullish
2020-01-09,28.388429641723636,28.966941833496094,28.34710693359375,28.92561912536621,24.417428970336918,31310879,29.37396650314331,,2.3391834570305026,0.6198348999023438,Bullish
2020-01-12,28.92561912536621,29.049585342407227,28.55371856689453,28.760330200195312,24.27790260314941,24584632,29.266528511047362,,-0.5714274410325348,0.4958667755126953,Bearish
2020-01-13,28.760330200195312,28.92561912536621,28.677684783935547,28.71900749206543,24.243024826049805,16978173,29.132230949401855,,-0.14367953303123793,0.24793434143066406,Bearish
2020-01-14,28.71900749206543,28.801652908325195,28.42975234985352,28.801652908325195,24.312789916992188,12477898,29.012396240234374,,0.2877725362988137,0.37190055847167613,Bullish
2020-01-15,28.760330200195312,28.760330200195312,28.59504127502441,28.677684783935547,24.208139419555664,12987230,28.929751586914062,,-0.4304201733985047,0.165288925170902,Bearish
2020-01-16,28.677684783935547,28.677684783935547,28.51239585876465,28.59504127502441,24.138378143310547,11523975,28.892561531066896,,-0.2881805471180554,0.16528892517089844,Bearish
2020-01-19,28.59504127502441,28.59504127502441,28.305784225463867,28.388429641723636,23.96396827697754,13254735,28.853305339813232,,-0.722543574298784,0.2892570495605433,Bearish
2020-01-20,28.34710693359375,28.59504127502441,28.264461517333984,28.59504127502441,24.138378143310547,8756076,28.811983013153075,,0.727802262782129,0.33057975769042613,Bullish
2020-01-21,28.51239585876465,28.59504127502441,28.388429641723636,28.55371856689453,24.103492736816406,8517485,28.77685899734497,,-0.14451004890128072,0.20661163330077414,Bullish
2020-01-22,28.47107315063477,28.51239585876465,28.388429641723636,28.47107315063477,24.03373336791992,6215751,28.745867252349854,,-0.28943836532584477,0.12396621704101207,Bearish
2020-01-23,28.42975234985352,28.47107315063477,28.305784225463867,28.47107315063477,24.03373336791992,7192433,28.708677101135255,,0.0,0.165288925170902,Bullish
2020-01-26,28.264461517333984,28.388429641723636,28.14049530029297,28.34710693359375,23.92908477783203,9257143,28.66322250366211,,-0.43541111494160845,0.24793434143066762,Bullish
2020-01-27,28.305784225463867,28.305784225463867,28.14049530029297,28.305784225463867,23.89420318603516,8758776,28.626032447814943,,-0.1457739875419639,0.16528892517089844,Bearish
2020-01-28,28.264461517333984,28.305784225463867,28.14049530029297,28.305784225463867,23.89420318603516,8813615,28.584710121154785,,0.0,0.16528892517089844,Bullish
2020-01-29,28.18181800842285,28.42975234985352,28.14049530029297,28.42975234985352,23.99884605407715,10761242,28.555784511566163,,0.43796039495747063,0.2892570495605504,Bullish
2020-01-30,28.42975234985352,28.42975234985352,28.22314071655273,28.22314071655273,23.824438095092773,6889782,28.514462280273438,,-0.7267444005781276,0.20661163330078836,Bearish
2020-02-02,28.18181800842285,28.18181800842285,27.97520637512207,28.05785179138184,23.68490982055664,13991469,28.489668941497804,,-0.5856503598621443,0.20661163330078125,Bearish
2020-02-03,27.97520637512207,28.09917259216309,27.933883666992188,28.05785179138184,23.68490982055664,10062499,28.46694173812866,,0.0,0.165288925170902,Bullish
2020-02-04,28.01652717590332,28.09917259216309,27.892560958862305,27.97520637512207,23.61514663696289,9112708,28.446280574798585,,-0.2945536132782367,0.2066116333007848,Bearish
2020-02-05,27.933883666992188,28.05785179138184,27.76859474182129,27.80991744995117,23.475616455078125,11068032,28.423553371429442,,-0.5908407714836028,0.2892570495605504,Bearish
2020-02-06,27.80991744995117,27.892560958862305,27.520660400390625,27.60330581665039,23.30120658874512,11614195,28.357437705993654,,-0.742942274721281,0.3719005584716797,Bearish
2020-02-09,27.561983108520508,28.14049530029297,27.107437133789062,28.14049530029297,23.75467300415039,21426588,28.326445960998534,,1.9461056121710785,1.0330581665039062,Bullish
2020-02-10,28.05785179138184,28.05785179138184,27.727272033691406,27.76859474182129,23.440736770629883,7540306,28.278925323486327,,-1.3215849774606103,0.33057975769043324,Bearish
2020-02-11,27.727272033691406,27.80991744995117,27.561983108520508,27.644628524780277,23.336088180541992,5120739,28.221074104309082,,-0.44642596499242515,0.2479343414306605,Bearish
2020-02-12,27.60330581665039,27.644628524780277,27.39669418334961,27.43801689147949,23.161678314208984,7201967,28.15909070968628,,-0.7473843720330109,0.24793434143066762,Bearish
2020-02-13,27.43801689147949,27.520660400390625,26.942148208618164,27.355371475219727,23.091915130615234,18688399,28.097107219696046,,-0.3012076878100678,0.5785121917724609,Bearish
2020-02-16,27.355371475219727,27.355371475219727,27.355371475219727,27.355371475219727,23.091915130615234,0,28.04545431137085,,0.0,0.0,Bearish
2020-02-17,27.107437133789062,27.43801689147949,27.06611442565918,27.355371475219727,23.091915130615234,9483416,27.983470821380614,,0.0,0.37190246582030895,Bullish
2020-02-18,27.314048767089844,27.520660400390625,27.190082550048828,27.43801689147949,23.161678314208984,6499644,27.927685737609863,28.692561645507812,0.302117689517134,0.3305778503417969,Bullish
2020-02-19,27.43801689147949,27.60330581665039,27.39669418334961,27.60330581665039,23.30120658874512,5894103,27.884297370910645,28.662809600830077,0.6024084241388117,0.20661163330078125,Bullish
2020-02-20,27.60330581665039,27.851238250732425,27.520660400390625,27.80991744995117,23.475616455078125,8693188,27.851239585876463,28.61074348449707,0.7485032215820642,0.3305778503418004,Bullish
2020-02-23,27.933883666992188,28.22314071655273,27.685949325561523,28.14049530029297,23.75467300415039,13747169,27.840909004211426,28.555371589660645,1.188704896146242,0.5371913909912074,Bullish
2020-02-24,28.05785179138184,28.05785179138184,27.479337692260746,27.60330581665039,23.30120658874512,10156974,27.80578508377075,28.47933853149414,-1.9089553254486802,0.5785140991210938,Bearish
2020-02-25,27.43801689147949,27.76859474182129,27.314048767089844,27.685949325561523,23.370973587036133,10346653,27.774793338775634,28.409090576171874,0.2993971427193376,0.4545459747314453,Bullish
2020-02-26,27.520660400390625,27.685949325561523,27.355371475219727,27.644628524780277,23.336088180541992,7981719,27.735537147521974,28.355371589660646,-0.1492482713717047,0.3305778503417969,Bullish
2020-02-27,27.479337692260746,27.561983108520508,27.355371475219727,27.561983108520508,23.26632308959961,21789663,27.70247926712036,28.3198344039917,-0.29895650862403755,0.20661163330078125,Bullish
2020-03-01,27.190082550048828,27.190082550048828,26.735536575317383,26.983470916748047,22.77797508239746,15937816,27.64876022338867,28.276032752990723,-2.0989498088532677,0.4545459747314453,Bearish
2020-03-02,27.06611442565918,27.39669418334961,27.06611442565918,27.107437133789062,22.88262367248535,14572666,27.601239490509034,28.229751739501953,0.4594153858985983,0.3305797576904297,Bullish
2020-03-03,27.314048767089844,27.39669418334961,27.23140335083008,27.314048767089844,23.057031631469727,9742098,27.568181610107423,28.190908737182617,0.7621953793752079,0.1652908325195277,Bearish
2020-03-04,27.190082550048828,27.355371475219727,27.06611442565918,27.314048767089844,23.057031631469727,10128925,27.543388175964356,28.15537155151367,0.0,0.2892570495605469,Bullish
2020-03-05,27.314048767089844,27.43801689147949,27.23140335083008,27.27272605895996,23.022151947021484,4802784,27.526859188079833,28.116528549194335,-0.1512873777236301,0.20661354064940696,Bearish
2020-03-08,26.363636016845703,26.363636016845703,24.710742950439453,24.79338836669922,20.929229736328125,28421368,27.359503841400148,28.02727233886719,-9.090905276211657,1.65289306640625,Bearish
2020-03-09,22.314048767089844,23.677684783935547,22.314048767089844,23.42975234985352,19.778120040893555,41132955,27.14256172180176,27.914875679016113,-5.499998615264879,1.3636360168457031,Bullish
2020-03-10,24.132230758666992,25.74380111694336,24.132230758666992,25.74380111694336,21.73151588439941,31647450,27.04752035140991,27.84710708618164,9.876539591782363,1.6115703582763672,Bullish
2020-03-11,26.033056259155277,26.033056259155277,24.049585342407227,24.545454025268555,20.719934463500977,27448991,26.902892208099367,27.75785087585449,-4.654895701808814,1.9834709167480504,Bearish
2020-03-12,23.966941833496094,24.46280860900879,23.14049530029297,23.966941833496094,20.23158836364746,25603130,26.733470726013184,27.65619800567627,-2.356901571985204,1.3223133087158203,Bearish
2020-03-15,23.92561912536621,24.58677673339844,23.59504127502441,23.71900749206543,20.022296905517575,19211347,26.55165252685547,27.559503784179686,-1.0344846795770635,0.9917354583740305,Bearish
2020-03-16,23.22314071655273,23.388429641723636,22.851238250732425,22.97520637512207,19.39441680908203,15051263,26.332644271850587,27.448759994506837,-3.1358863442839224,0.5371913909912109,Bearish
2020-03-17,22.97520637512207,24.58677673339844,22.97520637512207,24.049585342407227,20.301349639892575,20313512,26.16322269439697,27.36198310852051,4.676253826596799,1.6115703582763707,Bullish
2020-03-18,24.049585342407227,24.752065658569336,23.92561912536621,23.966941833496094,20.23158836364746,16004656,25.981404495239257,27.27603271484375,-0.34363797851185707,0.826446533203125,Bearish
2020-03-19,23.84297561645508,24.46280860900879,23.59504127502441,24.25619888305664,20.528003692626957,19234391,25.80371856689453,27.18264430999756,1.20690011921456,0.8677673339843786,Bullish
2020-03-22,24.008264541625977,24.338842391967773,23.760330200195312,23.884296417236328,20.21326065063477,8682535,25.5909086227417,27.08512363433838,-1.5332264861997458,0.5785121917724609,Bearish
2020-03-23,23.884296417236328,23.884296417236328,23.55371856689453,23.636362075805664,20.003433227539062,6432514,25.392561435699463,26.983470726013184,-1.0380642456427558,0.3305778503417969,Bearish
2020-03-24,24.09090805053711,24.66942024230957,24.09090805053711,24.380165100097656,20.63291549682617,12125193,25.22727222442627,26.895040969848633,3.146859156694659,0.5785121917724609,Bullish
2020-03-25,24.79338836669922,25.0,24.132230758666992,24.46280860900879,20.702856063842773,23931994,25.068181228637695,26.8107434463501,0.33897846290960043,0.8677692413330078,Bearish
2020-03-26,24.504131317138672,24.79338836669922,24.504131317138672,24.710742950439453,20.91268539428711,6766584,24.925619220733644,26.7330574798584,1.0135154364055987,0.2892570495605469,Bullish
2020-03-29,24.62809944152832,24.83470916748047,24.21487617492676,24.710742950439453,20.91268539428711,8134082,24.811982822418212,26.659503746032716,0.0,0.6198329925537074,Bullish
2020-03-30,24.752065658569336,24.83470916748047,24.62809944152832,24.752065658569336,20.947656631469727,5762749,24.694214248657225,26.582644233703615,0.16722568080109745,0.20660972595214844,Bearish
2020-03-31,24.710742950439453,25.0,24.710742950439453,24.917354583740234,21.087535858154297,8024432,24.574379539489748,26.509916954040527,0.6677783076810551,0.2892570495605469,Bullish
2020-04-01,24.876033782958984,25.41322326660156,24.710742950439453,25.289255142211918,21.40227508544922,11589101,24.47313985824585,26.44628059387207,1.4925362851896162,0.7024803161621058,Bullish
2020-04-02,25.57851219177246,26.15702438354492,25.57851219177246,26.15702438354492,22.136667251586918,17442775,24.417354774475097,26.399999618530273,3.4313752479192328,0.5785121917724574,Bullish
2020-04-05,26.48760223388672,26.90082550048828,26.033056259155277,26.033056259155277,22.03175544738769,29136819,24.4793381690979,26.353718605041504,-0.4739381764985007,0.8677692413330043,Bearish
2020-04-06,26.239669799804688,26.44627952575684,26.033056259155277,26.404958724975582,22.34649658203125,7230047,24.628098487854004,26.31570209503174,1.4285778132159033,0.4132232666015625,Bullish
2020-04-07,26.404958724975582,26.44627952575684,26.198347091674805,26.44627952575684,22.3814697265625,7361770,24.66322240829468,26.278512001037598,0.15648879141088035,0.2479324340820348,Bullish
2020-04-08,26.44627952575684,26.44627952575684,26.239669799804688,26.44627952575684,22.3814697265625,6699503,24.758263683319093,26.238842544555663,0.0,0.206609725952152,Bearish
2020-04-09,26.44627952575684,26.570247650146484,26.363636016845703,26.48760223388672,22.41643524169922,9647112,24.884296703338624,26.204131774902343,0.15625149877749323,0.20661163330078125,Bullish
2020-04-12,26.44627952575684,26.44627952575684,25.95041275024414,26.15702438354492,22.136667251586918,8958566,25.0061975479126,26.166115226745607,-1.2480474730131585,0.49586677551269887,Bearish
2020-04-13,26.198347091674805,26.280990600585938,25.661157608032227,25.70247840881348,21.75198554992676,8978691,25.142561149597167,26.119007759094238,-1.7377587299929553,0.6198329925537109,Bearish
2020-04-14,25.78512382507324,25.991735458374023,25.537189483642575,25.70247840881348,21.75198554992676,7166278,25.22520580291748,26.073553199768067,0.0,0.45454597473144887,Bearish
2020-04-15,25.661157608032227,25.661157608032227,25.24793243408203,25.37190055847168,21.47222328186035,5359154,25.29545373916626,26.024792861938476,-1.2861711041392998,0.4132251739501953,Bearish
2020-04-16,25.3305778503418,25.3305778503418,24.710742950439453,24.79338836669922,20.982627868652344,9234436,25.322313213348387,25.968594512939454,-2.2801295095699725,0.6198348999023473,Bearish
2020-04-19,24.83470916748047,25.041322708129883,24.79338836669922,24.917354583740234,21.087535858154297,5658347,25.373966121673583,25.9041316986084,0.4999970766703221,0.24793434143066406,Bullish
2020-04-20,24.83470916748047,24.83470916748047,24.58677673339844,24.79338836669922,20.982627868652344,4886326,25.43181743621826,25.844627571105956,-0.497509543496677,0.2479324340820277,Bearish
2020-04-21,24.380165100097656,24.58677673339844,23.92561912536621,24.29751968383789,20.562971115112305,7244393,25.427685165405272,25.777685394287108,-2.0000036926269615,0.6611576080322301,Bearish
2020-04-22,23.966941833496094,24.710742950439453,23.966941833496094,24.545454025268555,20.77280044555664,7185288,25.43181743621826,25.71983413696289,1.0204100857075682,0.7438011169433594,Bullish
2020-04-23,24.79338836669922,24.95867729187012,24.66942024230957,24.79338836669922,20.982627868652344,5664648,25.43594970703125,25.66859447479248,1.0101028939021761,0.2892570495605504,Bearish
2020-04-26,25.041322708129883,25.661157608032227,24.876033782958984,25.537189483642575,21.612104415893555,6697454,25.477272033691406,25.632230834960936,2.9999978459675836,0.7851238250732422,Bullish
2020-04-27,25.537189483642575,25.70247840881348,25.24793243408203,25.45454406738281,21.542160034179688,5704086,25.51239595413208,25.5942142868042,-0.32362768938494213,0.45454597473144887,Bearish
2020-04-28,25.3305778503418,25.49586677551269,25.24793243408203,25.37190055847168,21.47222328186035,3756876,25.53512325286865,25.55289196014404,-0.3246709455583141,0.2479343414306605,Bullish
2020-04-29,25.41322326660156,25.619834899902344,25.41322326660156,25.57851219177246,21.64707565307617,4098787,25.54958610534668,25.512396087646483,0.8143325046723549,0.2066116333007848,Bullish
2020-04-30,25.661157608032227,26.239669799804688,25.661157608032227,26.15702438354492,22.136667251586918,10318469,25.54958610534668,25.479338226318358,2.2617116563900197,0.5785121917724609,Bullish
2020-05-03,24.79338836669922,24.95867729187012,24.504131317138672,24.79338836669922,20.982627868652344,10301328,25.487602710723877,25.412396087646485,-5.213268898061463,0.45454597473144887,Bearish
2020-05-04,24.66942024230957,25.619834899902344,24.504131317138672,25.20661163330078,21.33233642578125,10440601,25.427685356140138,25.364462203979492,1.6666671795315224,1.1157035827636719,Bullish
2020-05-05,25.661157608032227,26.07438087463379,25.619834899902344,25.86776733398437,21.89187240600586,13064143,25.398759746551512,25.32809856414795,2.6229455600852214,0.4545459747314453,Bullish
2020-05-06,26.239669799804688,26.404958724975582,25.78512382507324,25.826446533203125,21.85690116882324,8286741,25.36776809692383,25.291734924316405,-0.1597385667179707,0.6198348999023438,Bearish
2020-05-07,25.661157608032227,25.78512382507324,25.3305778503418,25.619834899902344,21.68204689025879,7601435,25.32437973022461,25.252891960144044,-0.8000002363281244,0.4545459747314382,Bearish
2020-05-10,25.826446533203125,25.95041275024414,25.70247840881348,25.74380111694336,21.786958694458008,3408792,25.30371856689453,25.22809856414795,0.48386813391014805,0.2479343414306605,Bearish
2020-05-11,25.45454406738281,25.74380111694336,24.917354583740234,25.537189483642575,21.612104415893555,5724594,25.295454120635988,25.19669361114502,-0.8025684799312871,0.826446533203125,Bullish
2020-05-12,25.619834899902344,26.033056259155277,25.537189483642575,25.86776733398437,21.89187240600586,6202220,25.30371856689453,25.16776798248291,1.294495819728092,0.4958667755127024,Bullish
2020-05-13,25.95041275024414,26.07438087463379,25.86776733398437,25.909090042114254,21.92683982849121,5108868,25.33057804107666,25.139668807983398,0.15974594017471588,0.20661354064941762,Bearish
2020-05-14,25.909090042114254,25.95041275024414,25.74380111694336,25.95041275024414,21.961814880371094,5002475,25.388429260253908,25.113222541809083,0.1594911595224513,0.20661163330078125,Bullish
2020-05-17,26.280990600585938,26.44627952575684,26.198347091674805,26.404958724975582,22.34649658203125,10217636,25.462809467315672,25.14545394897461,1.7515943931456945,0.2479324340820348,Bullish
2020-05-18,26.44627952575684,26.85950469970703,26.44627952575684,26.735536575317383,22.62626075744629,14302220,25.55991687774658,25.211569633483887,1.2519536719787228,0.41322517395019176,Bullish
2020-05-19,26.85950469970703,28.01652717590332,26.81818008422852,27.561983108520508,23.325685501098636,28810841,25.723140048980714,25.24793327331543,3.091191122627812,1.1983470916748011,Bullish
2020-05-20,27.644628524780277,27.80991744995117,27.06611442565918,27.27272605895996,23.080888748168945,12168289,25.859503650665282,25.30247871398926,-1.0494783645343952,0.7438030242919886,Bearish
2020-05-21,27.60330581665039,27.644628524780277,27.23140335083008,27.27272605895996,23.382509231567383,19086462,25.98347053527832,25.368594398498534,0.0,0.4132251739501953,Bearish
2020-05-31,27.727272033691406,27.727272033691406,27.190082550048828,27.27272605895996,23.63446044921875,10370850,26.07024736404419,25.439668769836427,0.0,0.5371894836425781,Bearish
2020-06-01,27.23140335083008,27.314048767089844,27.148759841918945,27.190082550048828,23.562843322753903,8007592,26.15702428817749,25.52396629333496,-0.3030262128269401,0.16528892517089844,Bearish
2020-06-02,27.190082550048828,27.23140335083008,26.85950469970703,26.983470916748047,23.3837947845459,7188626,26.23760280609131,25.582644004821777,-0.7598786539925739,0.3718986511230504,Bearish
2020-06-03,27.107437133789062,27.190082550048828,26.85950469970703,27.06611442565918,23.45541381835937,7497426,26.311982917785645,25.644627456665038,0.30627456773857364,0.3305778503417969,Bearish
2020-06-04,26.983470916748047,27.02479362487793,26.570247650146484,26.611570358276367,23.061504364013672,8375045,26.334710216522218,25.691734886169435,-1.679384267111117,0.4545459747314453,Bearish
2020-06-07,26.81818008422852,26.983470916748047,26.735536575317383,26.776859283447266,23.204748153686523,4273229,26.43388376235962,25.74958614349365,0.6211167659239347,0.24793434143066406,Bearish
2020-06-08,26.6942138671875,26.776859283447266,26.570247650146484,26.652891159057617,23.097318649291992,8484823,26.50619773864746,25.80991672515869,-0.46296738193744025,0.20661163330078125,Bearish
2020-06-09,26.5289249420166,26.6942138671875,26.5289249420166,26.6942138671875,23.13312721252441,5510463,26.547520065307616,25.856197700500488,0.15504024641559422,0.16528892517089844,Bullish
2020-06-10,26.652891159057617,26.6942138671875,26.570247650146484,26.6942138671875,23.13312721252441,3905258,26.590908432006835,25.900825805664063,0.0,0.12396621704101562,Bullish
2020-06-11,26.611570358276367,26.735536575317383,26.48760223388672,26.735536575317383,23.168933868408203,4608683,26.64669351577759,25.94132167816162,0.15480024373624168,0.24793434143066406,Bullish
2020-06-14,26.652891159057617,26.6942138671875,26.570247650146484,26.652891159057617,23.097318649291992,3798502,26.6921480178833,25.980164642333985,-0.3091219659158262,0.12396621704101562,Bearish
2020-06-15,26.611570358276367,26.6942138671875,26.570247650146484,26.652891159057617,23.097318649291992,4697861,26.747933101654052,26.01818115234375,0.0,0.12396621704101562,Bullish
2020-06-16,26.6942138671875,27.190082550048828,26.6942138671875,26.90082550048828,23.312175750732425,9408425,26.799586009979247,26.05785057067871,0.9302343222393983,0.4958686828613281,Bullish
2020-06-17,26.942148208618164,27.02479362487793,26.85950469970703,26.983470916748047,23.3837947845459,6370152,26.853305053710937,26.091734886169434,0.3072226027348801,0.16528892517089844,Bullish
2020-06-18,26.942148208618164,27.355371475219727,26.942148208618164,27.355371475219727,23.706085205078125,31011717,26.923552989959717,26.11570182800293,1.378253226277315,0.4132232666015625,Bullish
2020-06-21,27.43801689147949,27.43801689147949,27.190082550048828,27.190082550048828,23.562843322753903,5584567,26.96280918121338,26.138842353820802,-0.604228406551266,0.2479343414306605,Bearish
2020-06-22,27.190082550048828,27.23140335083008,26.983470916748047,27.107437133789062,23.49122810363769,6643440,26.98140420913696,26.15289192199707,-0.30395426754457056,0.2479324340820348,Bearish
2020-06-23,27.107437133789062,27.23140335083008,26.942148208618164,27.190082550048828,23.562843322753903,4798205,26.96280918121338,26.16776798248291,0.3048809662524299,0.2892551422119176,Bullish
2020-06-24,27.148759841918945,27.190082550048828,27.06611442565918,27.107437133789062,23.49122810363769,4166927,26.954544734954833,26.180991134643556,-0.30395426754457056,0.12396812438964844,Bearish
2020-06-25,26.983470916748047,27.06611442565918,26.942148208618164,27.02479362487793,23.41960906982422,5033468,26.94214811325073,26.19173496246338,-0.30487392999657414,0.12396621704101562,Bullish
2020-06-28,26.942148208618164,27.02479362487793,26.90082550048828,26.942148208618164,23.34798812866211,2740231,26.925619220733644,26.207437438964845,-0.30581331131308565,0.12396812438964844,Bearish
2020-06-29,26.942148208618164,27.02479362487793,26.90082550048828,26.983470916748047,23.3837947845459,3881170,26.915288639068603,26.233057289123536,0.15337569896027858,0.12396812438964844,Bullish
2020-06-30,26.983470916748047,27.02479362487793,26.85950469970703,26.85950469970703,23.2763671875,4651056,26.909090328216553,26.256197814941405,-0.4594153858986094,0.16528892517089844,Bearish
2020-07-01,26.81818008422852,27.02479362487793,26.776859283447266,27.02479362487793,23.41960906982422,2985566,26.90702428817749,26.28925567626953,0.6153833699424238,0.24793434143066406,Bullish
2020-07-02,26.983470916748047,27.190082550048828,26.983470916748047,27.190082550048828,23.562843322753903,5889084,26.935949897766115,26.337189559936522,0.6116195648530054,0.20661163330078125,Bullish
2020-07-05,27.148759841918945,27.190082550048828,27.06611442565918,27.107437133789062,23.49122810363769,4805340,26.9524787902832,26.3809912109375,-0.30395426754457056,0.12396812438964844,Bearish
2020-07-06,27.06611442565918,27.355371475219727,27.02479362487793,27.23140335083008,23.59864997863769,11523539,26.981404399871828,26.429751510620118,0.4573144131228002,0.3305778503417969,Bullish
2020-07-07,27.23140335083008,27.644628524780277,27.190082550048828,27.43801689147949,23.77770233154297,13568684,27.018594551086426,26.49256145477295,0.7587326219935964,0.45454597473144887,Bullish
2020-07-08,27.43801689147949,27.561983108520508,27.355371475219727,27.479337692260746,23.813512802124023,6823309,27.057850742340086,26.551239128112794,0.15059689242369334,0.20661163330078125,Bullish
2020-07-09,27.479337692260746,27.561983108520508,27.39669418334961,27.520660400390625,23.84932327270508,6086790,27.09710693359375,26.60578456878662,0.15037738024348268,0.16528892517089844,Bullish
2020-07-12,27.520660400390625,27.76859474182129,27.479337692260746,27.644628524780277,23.95675468444824,6978547,27.146693801879884,26.647933349609374,0.45045475866520857,0.2892570495605433,Bullish
2020-07-13,27.644628524780277,27.685949325561523,27.43801689147949,27.520660400390625,23.84932327270508,4526031,27.190082263946532,26.689255676269532,-0.44843476293605633,0.2479324340820348,Bearish
2020-07-14,27.561983108520508,27.561983108520508,27.314048767089844,27.561983108520508,23.8851318359375,4215021,27.223140144348143,26.733057327270508,0.1501515862217362,0.24793434143066406,Bearish
2020-07-15,27.479337692260746,27.644628524780277,27.479337692260746,27.644628524780277,23.95675468444824,4748896,27.256198024749757,26.774379653930666,0.2998529384999893,0.16529083251953125,Bullish
2020-07-16,27.60330581665039,27.644628524780277,27.520660400390625,27.60330581665039,23.92094612121582,3752863,27.26859474182129,26.803305282592774,-0.14947825431202988,0.12396812438965199,Bearish
2020-07-19,27.520660400390625,27.561983108520508,27.39669418334961,27.39669418334961,23.74188995361328,2222052,27.278925323486327,26.855371398925783,-0.7485032215820753,0.16528892517089844,Bearish
2020-07-20,27.355371475219727,27.39669418334961,27.148759841918945,27.355371475219727,23.706085205078125,7883479,27.291322040557862,26.89834659576416,-0.1508310011906322,0.24793434143066406,Bearish
2020-07-21,27.27272605895996,27.355371475219727,27.23140335083008,27.27272605895996,23.63446044921875,4452658,27.295454216003417,26.926445770263673,-0.3021176895171451,0.12396812438964488,Bearish
2020-07-22,27.314048767089844,27.314048767089844,27.190082550048828,27.27272605895996,23.63446044921875,3015167,27.303718662261964,26.95537136077881,0.0,0.12396621704101562,Bearish
2020-07-23,27.190082550048828,27.27272605895996,27.190082550048828,27.27272605895996,23.63446044921875,3105370,27.316115283966063,26.988429183959962,0.0,0.08264350891113281,Bullish
2020-07-26,27.06611442565918,27.190082550048828,26.983470916748047,27.06611442565918,23.45541381835937,5981893,27.322313594818116,27.014875450134276,-0.7575760224853068,0.20661163330078125,Bearish
2020-07-27,27.02479362487793,27.23140335083008,27.02479362487793,27.23140335083008,23.59864997863769,3985188,27.334710216522218,27.04875972747803,0.610685828676627,0.206609725952152,Bullish
2020-07-28,27.23140335083008,27.27272605895996,27.190082550048828,27.27272605895996,23.63446044921875,4247246,27.355371284484864,27.076858901977538,0.1517465243987104,0.08264350891113281,Bullish
2020-08-05,27.27272605895996,27.43801689147949,27.27272605895996,27.314048767089844,23.670270919799805,9182850,27.36983404159546,27.10495807647705,0.15151660321945926,0.1652908325195277,Bullish
2020-08-06,27.314048767089844,27.355371475219727,27.23140335083008,27.23140335083008,23.59864997863769,4547696,27.37190008163452,27.13057788848877,-0.302574755447238,0.12396812438964488,Bearish
2020-08-09,27.23140335083008,27.39669418334961,27.190082550048828,27.314048767089844,23.670270919799805,6244352,27.38223066329956,27.148759689331055,0.303493048797443,0.20661163330078125,Bullish
2020-08-10,27.314048767089844,27.39669418334961,27.314048767089844,27.355371475219727,23.706085205078125,6842142,27.38842906951904,27.1611563873291,0.1512873777236301,0.08264541625976562,Bullish
2020-08-11,27.355371475219727,27.520660400390625,27.314048767089844,27.520660400390625,23.84932327270508,8422623,27.3925612449646,27.160329933166505,0.6042284065512549,0.20661163330078125,Bullish
2020-08-12,27.355371475219727,27.39669418334961,27.27272605895996,27.39669418334961,23.99538993835449,5804975,27.38842906951904,27.1628092956543,-0.4504478280588642,0.12396812438964844,Bullish
2020-08-13,27.39669418334961,27.39669418334961,27.39669418334961,27.39669418334961,23.99538993835449,0,27.382230758666992,27.16528865814209,0.0,0.0,Bearish
2020-08-16,27.685949325561523,27.685949325561523,27.561983108520508,27.561983108520508,24.14016342163086,4578272,27.378098487854004,27.1710737991333,0.603317042796192,0.12396621704101562,Bearish
2020-08-17,27.561983108520508,27.685949325561523,27.479337692260746,27.685949325561523,24.248741149902344,12979051,27.386362934112547,27.180991134643556,0.4497724875344389,0.2066116333007777,Bullish
2020-08-18,27.644628524780277,28.09917259216309,27.60330581665039,28.09917259216309,24.61066055297852,16235730,27.41322240829468,27.203305168151857,1.4925378275544743,0.49586677551269887,Bullish
2020-08-19,28.09917259216309,28.305784225463867,27.933883666992188,28.22314071655273,24.71923446655273,12832369,27.4421480178833,27.226445693969726,0.4411806930721296,0.3719005584716797,Bullish
2020-08-20,28.09917259216309,28.305784225463867,28.09917259216309,28.22314071655273,24.71923446655273,10463709,27.473139762878418,27.258677101135255,0.0,0.2066116333007777,Bullish
2020-08-23,28.22314071655273,28.22314071655273,28.09917259216309,28.18181800842285,24.68304252624512,6293489,27.51239595413208,27.286776275634764,-0.14641427949102503,0.12396812438964133,Bearish
2020-08-24,28.18181800842285,28.84297561645508,28.14049530029297,28.84297561645508,25.26211929321289,20307392,27.586776161193846,27.330577964782716,2.346043139710252,0.7024803161621129,Bullish
2020-08-25,28.84297561645508,28.92561912536621,28.760330200195312,28.884296417236328,25.298309326171875,12982221,27.667354679107667,27.374379615783692,0.14326122703398614,0.16528892517089844,Bullish
2020-08-26,28.84297561645508,28.884296417236328,28.677684783935547,28.84297561645508,25.26211929321289,6710375,27.74586715698242,27.417354850769044,-0.143056282847831,0.20661163330078125,Bearish
2020-08-27,28.84297561645508,28.92561912536621,28.801652908325195,28.92561912536621,25.33450126647949,9928629,27.828511810302736,27.46115650177002,0.2865290669385123,0.12396621704101562,Bullish
2020-08-30,28.92561912536621,29.132230758666992,28.884296417236328,29.008264541625977,25.40688705444336,11392686,27.925619316101074,27.508263969421385,0.28571701750470524,0.24793434143066406,Bullish
2020-08-31,29.008264541625977,29.380165100097656,28.966941833496094,29.380165100097656,25.73261833190918,90226629,28.033057403564452,27.562809448242188,1.2820503547808393,0.4132232666015625,Bullish
2020-09-01,29.29751968383789,29.338842391967773,29.09090805053711,29.132230758666992,25.51546287536621,11784458,28.126032638549805,27.607437553405763,-0.8438834178976062,0.24793434143066406,Bearish
2020-09-02,29.09090805053711,29.79338836669922,28.801652908325195,29.752065658569336,26.058351516723636,19946230,28.24793348312378,27.662809448242186,2.127660270979903,0.9917354583740234,Bullish
2020-09-03,29.752065658569336,30.082643508911133,29.66942024230957,29.752065658569336,26.058351516723636,17411419,28.37396659851074,27.71074333190918,0.0,0.4132232666015625,Bearish
2020-09-06,29.62809944152832,29.79338836669922,29.42148780822754,29.62809944152832,25.94976806640625,8102335,28.489669132232667,27.75950366973877,-0.41666423590090984,0.3719005584716797,Bearish
2020-09-07,29.62809944152832,29.752065658569336,29.504131317138672,29.545454025268555,25.87738800048828,8002447,28.599173259735107,27.808264007568358,-0.2789426855504762,0.24793434143066406,Bearish
2020-09-08,29.545454025268555,29.752065658569336,29.545454025268555,29.710742950439453,26.02215576171875,11106956,28.70867738723755,27.858677215576172,0.5594394488896093,0.20661163330078125,Bullish
2020-09-09,29.545454025268555,29.62809944152832,29.42148780822754,29.58677673339844,25.9135799407959,8855234,28.81818151473999,27.90826400756836,-0.41724374664006136,0.20661163330078125,Bullish
2020-09-10,29.545454025268555,29.58677673339844,29.42148780822754,29.504131317138672,25.841196060180664,7403936,28.923553371429442,27.957850761413575,-0.27933227402388017,0.165288925170902,Bearish
2020-09-13,29.504131317138672,29.79338836669922,29.42148780822754,29.710742950439453,26.02215576171875,11715585,29.03099136352539,28.01322265625,0.7002803474534414,0.3719005584716797,Bullish
2020-09-14,29.752065658569336,29.917354583740234,29.62809944152832,29.79338836669922,26.094539642333984,14098110,29.136363315582276,28.069421005249023,0.2781667775781482,0.28925514221191406,Bullish
2020-09-15,29.79338836669922,29.95867729187012,29.710742950439453,29.876033782958984,26.16692352294922,17674197,29.22520637512207,28.12975158691406,0.27739515641040935,0.24793434143066762,Bullish
2020-09-16,29.917354583740234,30.041322708129883,29.79338836669922,29.95867729187012,26.23930931091309,16247771,29.31198320388794,28.188429260253905,0.2766214200704109,0.24793434143066406,Bullish
2020-09-17,30.0,30.537189483642575,29.95867729187012,30.289255142211918,26.528844833374023,74552211,29.4152889251709,28.25041271209717,1.1034460804833612,0.5785121917724538,Bullish
2020-09-20,30.24793243408203,30.57851219177246,30.20661163330078,30.537189483642575,26.746000289916992,15540269,29.533057498931885,28.319007759094237,0.818555425897971,0.3719005584716797,Bullish
2020-09-21,30.537189483642575,30.70247840881348,30.45454406738281,30.537189483642575,26.746000289916992,16176954,29.61776819229126,28.385123481750487,0.0,0.24793434143067117,Bearish
2020-09-22,30.49586677551269,30.49586677551269,30.289255142211918,30.289255142211918,26.528844833374023,7456714,29.68801612854004,28.442148246765136,-0.8119094966596907,0.20661163330077414,Bearish
2020-09-24,30.24793243408203,30.37190055847168,30.123966217041016,30.3305778503418,26.56503677368164,7131498,29.762396240234374,28.499173049926757,0.1364269538351781,0.24793434143066406,Bullish
2020-09-27,30.3305778503418,30.3305778503418,30.1652889251709,30.24793243408203,26.492650985717773,6810452,29.828511905670165,28.553718490600588,-0.2724821685480605,0.165288925170902,Bearish
2020-09-28,30.24793243408203,30.289255142211918,30.082643508911133,30.20661163330078,26.45645904541016,11544722,29.888429260253908,28.604958152770998,-0.1366070255257923,0.2066116333007848,Bearish
2020-09-29,30.1652889251709,30.20661163330078,29.917354583740234,29.917354583740234,26.203113555908203,6821538,29.915288734436036,28.65289203643799,-0.9575951552330375,0.2892570495605469,Bearish
2020-09-30,29.83470916748047,29.876033782958984,29.545454025268555,29.66942024230957,25.9859619140625,6889927,29.942148208618164,28.695040779113768,-0.8287308315870101,0.3305797576904297,Bearish
2020-10-01,29.58677673339844,29.62809944152832,29.42148780822754,29.545454025268555,25.87738800048828,4355710,29.931817626953126,28.733057289123536,-0.41782487163074533,0.20661163330078125,Bearish
2020-10-04,29.338842391967773,29.338842391967773,29.008264541625977,29.008264541625977,25.40688705444336,4502020,29.894627571105957,28.761156463623045,-1.81817982280168,0.3305778503417969,Bearish
2020-10-05,28.966941833496094,29.62809944152832,28.884296417236328,29.62809944152832,25.94976806640625,7615433,29.894627571105957,28.80578456878662,2.136752783031537,0.7438030242919922,Bullish
2020-10-06,29.62809944152832,29.876033782958984,29.62809944152832,29.62809944152832,25.94976806640625,7018438,29.898759841918945,28.851239128112795,0.0,0.24793434143066406,Bearish
2020-10-07,29.62809944152832,29.710742950439453,29.380165100097656,29.58677673339844,25.9135799407959,3525406,29.892561531066896,28.89752014160156,-0.13947134277523254,0.3305778503417969,Bearish
2020-10-08,29.58677673339844,29.752065658569336,29.545454025268555,29.752065658569336,26.058351516723636,3658318,29.90082597732544,28.94710693359375,0.5586581014224157,0.20661163330078125,Bullish
2020-10-11,29.752065658569336,29.83470916748047,29.66942024230957,29.710742950439453,26.02215576171875,4595923,29.911156558990477,28.99586727142334,-0.13889021557056402,0.16528892517089844,Bearish
2020-10-12,29.710742950439453,29.752065658569336,29.58677673339844,29.710742950439453,26.02215576171875,3263680,29.911156558990477,29.048759841918944,0.0,0.16528892517089488,Bearish
2020-10-13,29.66942024230957,29.752065658569336,29.62809944152832,29.66942024230957,25.9859619140625,3302978,29.904958152770995,29.097520179748535,-0.1390833887890741,0.12396621704101562,Bearish
2020-10-14,29.66942024230957,29.710742950439453,29.58677673339844,29.58677673339844,25.9135799407959,3238505,29.89049530029297,29.143801193237305,-0.2785477715310236,0.12396621704101207,Bearish
2020-10-15,29.58677673339844,29.62809944152832,29.504131317138672,29.58677673339844,25.9135799407959,3778228,29.871900272369384,29.189255752563476,0.0,0.12396812438964844,Bearish
2020-10-18,29.504131317138672,29.66942024230957,29.504131317138672,29.62809944152832,25.94976806640625,2665164,29.838842487335206,29.23718967437744,0.13966613701192898,0.16528892517089844,Bullish
2020-10-19,29.58677673339844,29.62809944152832,29.46280860900879,29.46280860900879,25.80499839782715,3060041,29.785123443603517,29.28016487121582,-0.5578853711009635,0.16529083251953125,Bearish
2020-10-20,29.338842391967773,29.42148780822754,29.132230758666992,29.338842391967773,25.69642448425293,4027470,29.725206089019775,29.31983428955078,-0.42075492084319155,0.2892570495605469,Bearish
2020-10-21,29.21487617492676,29.338842391967773,29.173553466796875,29.173553466796875,25.55165672302246,2869875,29.669421005249024,29.352892150878905,-0.5633791645990427,0.16528892517089844,Bearish
2020-10-22,29.173553466796875,29.173553466796875,29.008264541625977,29.173553466796875,25.55165672302246,3837228,29.611569786071776,29.38842933654785,0.0,0.16528892517089844,Bearish
2020-10-25,29.173553466796875,29.173553466796875,28.51239585876465,28.51239585876465,24.972579956054688,5313338,29.52479295730591,29.410743370056153,-2.266290970637863,0.6611576080322266,Bearish
2020-10-26,28.51239585876465,28.92561912536621,28.09917259216309,28.18181800842285,24.68304252624512,7994206,29.423553276062012,29.4231400680542,-1.1594180018378863,0.8264465332031214,Bearish
2020-10-27,28.22314071655273,28.51239585876465,28.22314071655273,28.51239585876465,24.972579956054688,2794481,29.353305339813232,29.43966899871826,1.1730181858494504,0.2892551422119176,Bullish
2020-10-28,28.51239585876465,28.51239585876465,28.14049530029297,28.264461517333984,24.755430221557617,3310080,29.283057403564452,29.44297477722168,-0.8695668461493056,0.3719005584716797,Bearish
2020-10-29,28.09917259216309,28.18181800842285,27.685949325561523,27.851238250732425,24.39350700378418,7838536,29.198346614837646,29.435536727905273,-1.4619888171162887,0.4958686828613281,Bearish
2020-11-01,27.80991744995117,27.933883666992188,27.685949325561523,27.76859474182129,24.32112693786621,2988286,29.136363124847414,29.426445808410644,-0.29673190170983466,0.24793434143066406,Bearish
2020-11-02,27.76859474182129,28.305784225463867,27.644628524780277,28.264461517333984,24.755430221557617,4496656,29.068181228637695,29.428098678588867,1.7857107286955554,0.6611557006835902,Bullish
2020-11-03,28.305784225463867,28.760330200195312,28.305784225463867,28.42975234985352,24.90019798278809,5746015,29.008263874053956,29.419834213256834,0.5848009254241893,0.4545459747314453,Bullish
2020-11-04,28.47107315063477,28.71900749206543,28.47107315063477,28.636362075805664,25.081159591674805,3215008,28.960743141174316,29.414875526428222,0.7267376915902402,0.2479343414306605,Bullish
2020-11-05,28.636362075805664,28.636362075805664,28.42975234985352,28.59504127502441,25.04496955871582,3110272,28.90289192199707,29.40991683959961,-0.14429486773449574,0.20660972595214488,Bearish
2020-11-08,28.47107315063477,28.801652908325195,28.42975234985352,28.801652908325195,25.22593116760254,3446986,28.857437419891358,29.40743751525879,0.7225435742988173,0.37190055847167613,Bullish
2020-11-09,28.84297561645508,29.338842391967773,28.84297561645508,29.338842391967773,25.69642448425293,8100476,28.838842391967773,29.414049072265627,1.8651342176521535,0.49586677551269176,Bullish
2020-11-10,29.338842391967773,29.42148780822754,29.09090805053711,29.21487617492676,25.84395980834961,10880209,28.816115188598634,29.410743293762206,-0.4225327481732877,0.3305797576904297,Bearish
2020-11-11,29.21487617492676,29.338842391967773,29.132230758666992,29.338842391967773,25.9536190032959,5109026,28.803718471527098,29.414875526428222,0.4243256630586112,0.20661163330078125,Bullish
2020-11-12,29.25619888305664,29.29751968383789,29.049585342407227,29.132230758666992,25.770849227905277,3220298,28.78099117279053,29.402478828430176,-0.7042255810247866,0.24793434143066406,Bearish
2020-11-15,29.09090805053711,29.25619888305664,29.049585342407227,29.173553466796875,25.80740165710449,4929100,28.758263874053956,29.390908584594726,0.1418453275075393,0.20661354064941406,Bullish
2020-11-16,29.132230758666992,29.25619888305664,29.132230758666992,29.25619888305664,25.88051414489746,5024217,28.747933387756348,29.383470573425292,0.28328882305621583,0.12396812438964844,Bullish
2020-11-17,29.25619888305664,29.338842391967773,29.21487617492676,29.338842391967773,25.9536190032959,5190057,28.747933387756348,29.379338340759276,0.2824820450581411,0.12396621704101207,Bullish
2020-11-18,29.29751968383789,29.338842391967773,29.21487617492676,29.338842391967773,25.9536190032959,4405324,28.75619783401489,29.371900329589845,0.0,0.12396621704101207,Bullish
2020-11-19,29.25619888305664,29.380165100097656,29.21487617492676,29.25619888305664,25.88051414489746,3511315,28.76033010482788,29.365288772583007,-0.28168633174756597,0.16528892517089488,Bearish
2020-11-22,29.29751968383789,29.380165100097656,29.173553466796875,29.173553466796875,25.80740165710449,4165628,28.793387985229494,29.358677215576172,-0.2824885645265063,0.20661163330078125,Bearish
2020-11-23,29.173553466796875,29.338842391967773,29.132230758666992,29.338842391967773,25.9536190032959,5414975,28.85123920440674,29.35123920440674,0.5665711081751512,0.20661163330078125,Bullish
2020-11-24,29.29751968383789,29.62809944152832,29.25619888305664,29.504131317138672,26.09984016418457,6892840,28.90082597732544,29.345454063415527,0.5633791645990538,0.3719005584716797,Bullish
2020-11-25,29.545454025268555,29.752065658569336,29.504131317138672,29.504131317138672,26.09984016418457,8206568,28.962809467315672,29.33801601409912,0.0,0.24793434143066406,Bearish
2020-11-26,29.504131317138672,29.66942024230957,29.25619888305664,29.66942024230957,26.24605369567871,11382457,29.05371856689453,29.33223087310791,0.5602229850261153,0.4132213592529297,Bullish
2020-11-29,29.545454025268555,29.66942024230957,29.504131317138672,29.545454025268555,26.136394500732425,3778039,29.142561531066896,29.317354850769043,-0.41782487163074533,0.16528892517089844,Bearish
2020-11-30,29.545454025268555,29.752065658569336,29.25619888305664,29.752065658569336,26.31916236877441,13008967,29.21694173812866,29.30165237426758,0.6993009250224391,0.4958667755126953,Bullish
2020-12-01,29.46280860900879,29.752065658569336,29.46280860900879,29.710742950439453,26.282611846923828,4545033,29.28099126815796,29.285123443603517,-0.13889021557056402,0.2892570495605469,Bullish
2020-12-02,29.58677673339844,29.752065658569336,29.504131317138672,29.66942024230957,26.24605369567871,3610993,29.332644176483154,29.272726745605468,-0.1390833887890741,0.24793434143066406,Bullish
2020-12-03,29.62809944152832,29.62809944152832,29.545454025268555,29.62809944152832,26.209503173828125,2629749,29.38429708480835,29.2586771774292,-0.1392706714313352,0.08264541625976562,Bearish
2020-12-06,29.66942024230957,29.66942024230957,29.504131317138672,29.504131317138672,26.09984016418457,2302563,29.419421005249024,29.24380115509033,-0.41841402832571983,0.16528892517089844,Bearish
2020-12-07,29.46280860900879,29.504131317138672,29.29751968383789,29.46280860900879,26.06328392028809,4462207,29.425619316101074,29.22892509460449,-0.14005736242733713,0.20661163330078125,Bearish
2020-12-08,29.380165100097656,29.42148780822754,29.338842391967773,29.42148780822754,26.0267333984375,2494990,29.435949897766115,29.21900775909424,-0.14024732444759547,0.08264541625976562,Bullish
2020-12-09,29.42148780822754,29.504131317138672,29.338842391967773,29.46280860900879,26.06328392028809,2968987,29.442148208618164,29.214875526428223,0.1404442938120143,0.16528892517089844,Bullish
2020-12-10,29.42148780822754,29.46280860900879,29.338842391967773,29.338842391967773,25.9536190032959,3166686,29.4524787902832,29.210743293762206,-0.42075492084319155,0.12396621704101562,Bearish
2020-12-13,29.338842391967773,29.380165100097656,29.25619888305664,29.25619888305664,25.88051414489746,2837548,29.45661106109619,29.215701980590822,-0.28168633174756597,0.12396621704101562,Bearish
2020-12-14,29.21487617492676,29.25619888305664,29.173553466796875,29.25619888305664,25.88051414489746,3345614,29.45661106109619,29.208263969421388,0.0,0.08264541625976562,Bullish
2020-12-15,29.173553466796875,29.46280860900879,29.173553466796875,29.29751968383789,25.917068481445312,4311416,29.454544925689696,29.201652374267578,0.14123776279488798,0.28925514221191406,Bullish
2020-12-16,29.338842391967773,29.42148780822754,29.25619888305664,29.42148780822754,26.0267333984375,2877601,29.458677196502684,29.19834659576416,0.42313522007133564,0.16528892517089844,Bullish
2020-12-17,29.380165100097656,29.42148780822754,29.09090805053711,29.09090805053711,25.73429679870605,11489530,29.450412654876708,29.185123443603516,-1.1235997303915557,0.3305797576904297,Bearish
2020-12-20,29.25619888305664,29.29751968383789,29.09090805053711,29.09090805053711,25.73429679870605,3409015,29.44628038406372,29.17272674560547,0.0,0.20661163330078125,Bearish
2020-12-21,28.92561912536621,29.049585342407227,28.636362075805664,28.760330200195312,25.44186019897461,8168937,29.417354774475097,29.153718490600586,-1.1363614011893786,0.4132232666015625,Bearish
2020-12-22,28.636362075805664,28.92561912536621,28.636362075805664,28.92561912536621,25.588075637817383,3507998,29.388429164886475,29.138842468261718,0.5747115002517456,0.2892570495605469,Bullish
2020-12-23,28.92561912536621,28.92561912536621,28.801652908325195,28.84297561645508,25.514968872070312,2738813,29.355371379852294,29.12396644592285,-0.2857104235278296,0.12396621704101562,Bearish
2020-12-24,28.84297561645508,29.09090805053711,28.84297561645508,28.92561912536621,25.588075637817383,3876887,29.318181324005128,29.11074329376221,0.2865290669385123,0.2479324340820277,Bullish
2020-12-27,28.884296417236328,29.049585342407227,28.801652908325195,28.966941833496094,25.6246337890625,2790324,29.289255714416505,29.097520141601564,0.14285850875235262,0.24793243408203125,Bullish
2020-12-28,28.966941833496094,29.008264541625977,28.884296417236328,29.008264541625977,25.66118621826172,2750469,29.252065658569336,29.088429260253907,0.14265471435475074,0.12396812438964844,Bullish
2020-12-29,28.966941833496094,29.008264541625977,28.801652908325195,29.008264541625977,25.66118621826172,3862225,29.21694173812866,29.08181770324707,0.0,0.20661163330078125,Bullish
2020-12-30,28.966941833496094,29.008264541625977,28.84297561645508,28.966941833496094,25.6246337890625,3854416,29.18181781768799,29.077685470581056,-0.14245150057352607,0.16528892517089488,Bearish
2020-12-31,28.966941833496094,29.049585342407227,28.884296417236328,28.92561912536621,25.588075637817383,3984239,29.146693801879884,29.07272678375244,-0.14265471435476185,0.16528892517089844,Bearish
2021-01-03,28.92561912536621,28.92561912536621,28.801652908325195,28.801652908325195,25.478418350219727,1974842,29.11156988143921,29.07851192474365,-0.4285689322801822,0.12396621704101562,Bearish
2021-01-04,28.801652908325195,28.92561912536621,28.760330200195312,28.801652908325195,25.478418350219727,2807501,29.078512096405028,29.0909086227417,0.0,0.16528892517089844,Bearish
2021-01-05,28.84297561645508,28.84297561645508,28.636362075805664,28.801652908325195,25.478418350219727,4695225,29.04752035140991,29.09669376373291,0.0,0.20661354064941762,Bearish
2021-01-06,28.801652908325195,28.884296417236328,28.677684783935547,28.760330200195312,25.44186019897461,3659585,29.01239643096924,29.106611137390136,-0.1434733911328312,0.20661163330078125,Bearish
2021-01-07,28.71900749206543,28.84297561645508,28.677684783935547,28.84297561645508,25.514968872070312,3905314,28.987603092193602,29.12644588470459,0.28735906606249806,0.1652908325195348,Bullish
2021-01-10,28.92561912536621,29.132230758666992,28.884296417236328,28.92561912536621,25.588075637817383,4439506,28.971074104309082,29.149586372375488,0.2865290669385123,0.24793434143066406,Bearish
2021-01-11,28.92561912536621,29.09090805053711,28.84297561645508,29.09090805053711,25.73429679870605,5483300,28.962809562683105,29.16611530303955,0.5714274410325348,0.2479324340820277,Bullish
2021-01-12,29.008264541625977,29.049585342407227,28.92561912536621,29.049585342407227,25.69774055480957,4123459,28.950412845611574,29.178511962890624,-0.14204681427646415,0.12396621704101562,Bullish
2021-01-13,29.008264541625977,29.049585342407227,28.966941833496094,29.049585342407227,25.69774055480957,2528144,28.931817722320556,29.186776428222657,0.0,0.08264350891113281,Bullish
2021-01-14,28.966941833496094,29.008264541625977,28.884296417236328,28.92561912536621,25.588075637817383,2766089,28.923553276062012,29.193387985229492,-0.4267400569743951,0.12396812438964844,Bearish
2021-01-17,28.92561912536621,28.92561912536621,28.760330200195312,28.760330200195312,25.44186019897461,2789088,28.907024383544922,29.192561531066893,-0.5714274410325348,0.16528892517089844,Bearish
2021-01-18,28.760330200195312,28.884296417236328,28.760330200195312,28.884296417236328,25.5515251159668,2456820,28.91322269439697,29.183470611572265,0.43103196722051873,0.12396621704101562,Bullish
2021-01-19,28.84297561645508,28.884296417236328,28.760330200195312,28.84297561645508,25.514968872070312,3373270,28.909090518951416,29.17603260040283,-0.143056282847831,0.12396621704101562,Bearish
2021-01-20,28.760330200195312,28.84297561645508,28.71900749206543,28.760330200195312,25.44186019897461,2921453,28.904958248138428,29.164462356567384,-0.28653567980905237,0.12396812438965199,Bearish
2021-01-21,28.760330200195312,28.84297561645508,28.760330200195312,28.760330200195312,25.44186019897461,2112316,28.896693801879884,29.15702434539795,0.0,0.08264541625976918,Bearish
2021-01-24,28.760330200195312,28.884296417236328,28.760330200195312,28.884296417236328,25.5515251159668,1982081,28.892561531066896,29.15123920440674,0.43103196722051873,0.12396621704101562,Bullish
2021-01-25,28.801652908325195,28.884296417236328,28.71900749206543,28.71900749206543,25.40530586242676,3240630,28.878098678588866,29.140495376586912,-0.5722449416225461,0.16528892517089844,Bearish
2021-01-26,28.71900749206543,28.84297561645508,28.677684783935547,28.677684783935547,25.368751525878903,2477760,28.861569690704346,29.12727222442627,-0.14388626814940686,0.1652908325195348,Bearish
2021-01-27,28.71900749206543,28.801652908325195,28.677684783935547,28.760330200195312,25.44186019897461,2866440,28.851239109039305,29.11570198059082,0.28818719810346227,0.12396812438964844,Bullish
2021-01-28,28.677684783935547,28.84297561645508,28.677684783935547,28.71900749206543,25.40530586242676,3759479,28.840908527374268,29.104958152770998,-0.14367953303123793,0.1652908325195348,Bullish
2021-01-31,28.71900749206543,28.801652908325195,28.59504127502441,28.636362075805664,25.332195281982425,2407707,28.83264398574829,29.09421432495117,-0.2877725362988248,0.2066116333007848,Bearish
2021-02-01,28.636362075805664,28.636362075805664,28.22314071655273,28.22314071655273,24.96665382385254,3663478,28.80371837615967,29.071900291442873,-1.4429953014250207,0.41322135925293324,Bearish
2021-02-02,28.305784225463867,28.47107315063477,28.264461517333984,28.264461517333984,25.00320625305176,2576872,28.776858806610107,29.047106895446777,0.1464075213890581,0.2066116333007848,Bearish
2021-02-03,28.264461517333984,28.305784225463867,28.09917259216309,28.09917259216309,24.85698890686035,2941393,28.743800926208497,29.019007720947265,-0.5847941772020859,0.2066116333007777,Bearish
2021-02-04,28.09917259216309,28.14049530029297,28.01652717590332,28.05785179138184,24.820436477661133,4935362,28.704544734954833,28.98677635192871,-0.14705344310662616,0.12396812438964844,Bearish
2021-02-07,28.09917259216309,28.305784225463867,28.05785179138184,28.18181800842285,24.930099487304688,2766707,28.667354679107667,28.959503631591797,0.44182362200333447,0.2479324340820277,Bullish
2021-02-08,28.18181800842285,28.55371856689453,28.18181800842285,28.34710693359375,25.076316833496094,2996544,28.630164623260498,28.931404457092285,0.5865090929247252,0.3719005584716797,Bullish
2021-02-09,28.388429641723636,28.84297561645508,28.388429641723636,28.51239585876465,25.222536087036133,4447508,28.60330514907837,28.90743751525879,0.58308922162007,0.4545459747314453,Bullish
2021-02-10,28.677684783935547,28.677684783935547,28.388429641723636,28.47107315063477,25.185977935791016,2601531,28.574379539489748,28.883470573425292,-0.14492892261517287,0.2892551422119105,Bearish
2021-02-11,28.42975234985352,28.55371856689453,28.388429641723636,28.55371856689453,25.25908470153809,2337586,28.555784511566163,28.861982955932618,0.2902785427949972,0.16528892517089488,Bullish
2021-02-14,28.51239585876465,28.636362075805664,28.51239585876465,28.55371856689453,25.25908470153809,3255622,28.54545392990112,28.842974700927734,0.0,0.12396621704101562,Bullish
2021-02-15,28.55371856689453,28.84297561645508,28.55371856689453,28.636362075805664,25.332195281982425,4635824,28.53305721282959,28.82644577026367,0.28943168546513576,0.2892570495605504,Bullish
2021-02-16,28.636362075805664,28.84297561645508,28.636362075805664,28.801652908325195,25.478418350219727,3787210,28.530991077423096,28.814049072265625,0.5772061132694795,0.20661354064941762,Bullish
2021-02-17,28.84297561645508,28.884296417236328,28.636362075805664,28.71900749206543,25.40530586242676,3947335,28.5289249420166,28.799173049926758,-0.2869467822656735,0.24793434143066406,Bearish
2021-02-18,28.71900749206543,29.049585342407227,28.677684783935547,28.71900749206543,25.40530586242676,8857618,28.526858806610107,28.78677635192871,0.0,0.3719005584716797,Bearish
2021-02-21,28.71900749206543,28.760330200195312,28.636362075805664,28.71900749206543,25.40530586242676,3533345,28.518594360351564,28.776032524108885,0.0,0.12396812438964844,Bearish
2021-02-22,28.636362075805664,28.71900749206543,28.51239585876465,28.59504127502441,25.295642852783203,5997354,28.51239604949951,28.762809371948244,-0.43165216303268084,0.20661163330078125,Bearish
2021-02-23,28.636362075805664,28.801652908325195,28.636362075805664,28.677684783935547,25.368751525878903,4442620,28.51239604949951,28.750412673950194,0.28901342759493076,0.16529083251953125,Bullish
2021-02-24,28.636362075805664,28.677684783935547,28.51239585876465,28.55371856689453,25.25908470153809,5098508,28.502065467834473,28.733057289123536,-0.43227414616977544,0.16528892517089844,Bearish
2021-02-25,28.55371856689453,28.677684783935547,28.51239585876465,28.55371856689453,25.25908470153809,8707846,28.493801021575926,28.722313499450685,0.0,0.16528892517089844,Bearish
2021-02-28,28.42975234985352,28.51239585876465,28.34710693359375,28.47107315063477,25.185977935791016,3132127,28.485536575317383,28.709916801452636,-0.28943836532584477,0.16528892517089844,Bullish
2021-03-01,28.42975234985352,28.51239585876465,28.388429641723636,28.51239585876465,25.222536087036133,4097591,28.49999933242798,28.704958114624024,0.1451392713974986,0.12396621704101207,Bullish
2021-03-02,28.47107315063477,28.55371856689453,28.42975234985352,28.47107315063477,25.185977935791016,3780935,28.510329914093024,28.695867195129395,-0.14492892261517287,0.12396621704101207,Bearish
2021-03-03,28.47107315063477,28.966941833496094,28.42975234985352,28.966941833496094,25.6246337890625,10986738,28.553718376159672,28.698346519470213,1.7416578582682307,0.5371894836425746,Bullish
2021-03-04,28.92561912536621,29.173553466796875,28.84297561645508,29.09090805053711,25.73429679870605,10967556,28.605371189117438,28.701652297973634,0.42795755849402983,0.3305778503417933,Bullish
2021-03-07,29.21487617492676,29.752065658569336,29.21487617492676,29.58677673339844,26.17295265197754,12244795,28.675619125366218,28.71404899597168,1.7045486582952352,0.5371894836425746,Bullish
2021-03-08,29.58677673339844,29.752065658569336,29.42148780822754,29.66942024230957,26.24605369567871,12526203,28.741734790802006,28.72727210998535,0.2793258273985577,0.3305778503417969,Bullish
2021-03-09,29.66942024230957,29.752065658569336,29.504131317138672,29.58677673339844,26.17295265197754,6298721,28.795453834533696,28.7388423538208,-0.2785477715310236,0.24793434143066406,Bearish
2021-03-10,29.504131317138672,29.66942024230957,29.46280860900879,29.58677673339844,26.17295265197754,5603854,28.851239013671876,28.751239051818846,0.0,0.20661163330078125,Bullish
2021-03-11,29.58677673339844,29.66942024230957,29.504131317138672,29.66942024230957,26.24605369567871,5423393,28.907024097442626,28.766115074157714,0.2793258273985577,0.16528892517089844,Bullish
2021-03-14,29.58677673339844,29.62809944152832,29.504131317138672,29.58677673339844,26.17295265197754,3320312,28.95867700576782,28.78181755065918,-0.2785477715310236,0.12396812438964844,Bearish
2021-03-15,29.545454025268555,29.66942024230957,29.504131317138672,29.504131317138672,26.09984016418457,4818365,29.002065467834473,28.79586711883545,-0.27933227402388017,0.16528892517089844,Bearish
2021-03-16,29.545454025268555,29.62809944152832,29.42148780822754,29.504131317138672,26.09984016418457,6296130,29.037189388275145,28.809916687011718,0.0,0.20661163330078125,Bearish
2021-03-17,29.46280860900879,29.504131317138672,29.21487617492676,29.338842391967773,25.9536190032959,5130973,29.068181133270265,28.82148693084717,-0.5602229850261153,0.2892551422119105,Bearish
2021-03-18,29.29751968383789,29.46280860900879,29.09090805053711,29.09090805053711,25.73429679870605,8637018,29.086776161193846,28.82644557952881,-0.8450719974505305,0.3719005584716797,Bearish
2021-03-21,28.966941833496094,29.29751968383789,28.92561912536621,29.25619888305664,25.88051414489746,4019162,29.113635730743407,28.83305717468262,0.5681872571058566,0.3719005584716797,Bullish
2021-03-22,29.25619888305664,29.42148780822754,29.173553466796875,29.380165100097656,25.99017906188965,4609176,29.152891921997075,28.83884231567383,0.42372632732139426,0.24793434143066406,Bullish
2021-03-23,29.173553466796875,29.173553466796875,28.966941833496094,29.008264541625977,25.917665481567383,4686742,29.169420909881598,28.838015899658203,-1.2658218808663024,0.20661163330078125,Bearish
2021-03-24,28.92561912536621,28.92561912536621,28.801652908325195,28.84297561645508,25.769989013671875,2876260,29.183883762359624,28.83388370513916,-0.5697994271036455,0.12396621704101562,Bearish
2021-03-25,28.92561912536621,28.92561912536621,28.760330200195312,28.760330200195312,25.696144104003903,3686392,29.194214344024665,28.83057792663574,-0.28653567980905237,0.16528892517089844,Bearish
2021-03-28,28.677684783935547,28.760330200195312,28.59504127502441,28.636362075805664,25.585390090942383,2992966,29.2024787902832,28.82809856414795,-0.4310385990937138,0.165288925170902,Bearish
2021-03-29,28.636362075805664,29.049585342407227,28.55371856689453,29.049585342407227,25.954587936401367,3660726,29.229338264465333,28.831404342651368,1.443001962007906,0.4958667755126953,Bullish
2021-03-30,29.049585342407227,29.049585342407227,28.84297561645508,28.966941833496094,25.880746841430664,2999877,29.254131698608397,28.833883666992186,-0.28449118270369445,0.20660972595214488,Bearish
2021-03-31,29.752065658569336,29.752065658569336,29.173553466796875,29.752065658569336,26.58222007751465,23775632,29.29338788986206,28.85371837615967,2.710413234459419,0.5785121917724609,Bearish
2021-04-01,29.545454025268555,29.58677673339844,29.29751968383789,29.29751968383789,26.176105499267575,4971082,29.303718471527098,28.86446216583252,-1.527779549654651,0.2892570495605504,Bearish
2021-04-04,29.29751968383789,29.46280860900879,29.21487617492676,29.380165100097656,26.24994659423828,4130272,29.29338788986206,28.874379539489745,0.28209014671420896,0.2479324340820277,Bullish
2021-04-05,29.29751968383789,29.42148780822754,29.25619888305664,29.42148780822754,26.286865234375,3595141,29.28099126815796,28.88842914581299,0.14064831830964408,0.16528892517089844,Bullish
2021-04-06,29.338842391967773,29.380165100097656,29.29751968383789,29.29751968383789,26.176105499267575,4465080,29.266528415679932,28.900825843811035,-0.42135232996266536,0.08264541625976562,Bearish
2021-04-07,29.29751968383789,29.29751968383789,29.29751968383789,29.29751968383789,26.176105499267575,0,29.252065563201903,28.911569633483886,0.0,0.0,Bearish
2021-04-08,29.29751968383789,29.42148780822754,29.25619888305664,29.42148780822754,26.286865234375,5377079,29.239668941497804,28.92561923980713,0.42313522007133564,0.16528892517089844,Bullish
2021-04-11,29.42148780822754,29.42148780822754,29.42148780822754,29.42148780822754,26.286865234375,0,29.231404495239257,28.941321754455565,0.0,0.0,Bearish
2021-04-12,29.380165100097656,29.545454025268555,29.338842391967773,29.46280860900879,26.32378387451172,5728291,29.229338359832763,28.96611511230469,0.1404442938120143,0.20661163330078125,Bullish
2021-04-13,29.380165100097656,29.545454025268555,29.29751968383789,29.29751968383789,26.176105499267575,3845548,29.219007778167725,28.986776275634767,-0.5610087190409896,0.24793434143066406,Bearish
2021-04-14,29.29751968383789,29.42148780822754,29.29751968383789,29.42148780822754,26.286865234375,6740987,29.223140048980714,29.013222579956054,0.42313522007133564,0.12396812438964844,Bullish
2021-04-15,29.338842391967773,29.42148780822754,29.29751968383789,29.42148780822754,26.286865234375,4692295,29.239669036865234,29.040495300292967,0.0,0.12396812438964844,Bullish
2021-04-18,29.338842391967773,29.46280860900879,29.338842391967773,29.380165100097656,26.24994659423828,4049249,29.245867347717287,29.064462242126464,-0.1404507766542218,0.12396621704101562,Bullish
2021-04-19,29.380165100097656,29.380165100097656,29.29751968383789,29.380165100097656,26.24994659423828,5282626,29.245867347717287,29.085123405456542,0.0,0.08264541625976562,Bearish
2021-04-20,29.338842391967773,29.380165100097656,29.29751968383789,29.380165100097656,26.24994659423828,3848031,29.264462375640868,29.102478790283204,0.0,0.08264541625976562,Bullish
2021-04-21,29.29751968383789,29.338842391967773,29.25619888305664,29.25619888305664,26.139184951782227,4756852,29.285123538970947,29.11818130493164,-0.4219384629686851,0.08264350891113281,Bearish
2021-04-22,29.25619888305664,29.338842391967773,29.21487617492676,29.25619888305664,26.139184951782227,4903002,29.309916973114014,29.132230911254883,0.0,0.12396621704101207,Bearish
2021-04-25,29.25619888305664,29.338842391967773,29.173553466796875,29.21487617492676,26.102264404296875,2797343,29.33884267807007,29.145454063415528,-0.14124428226324204,0.16528892517089844,Bearish
2021-04-26,29.173553466796875,29.25619888305664,29.173553466796875,29.25619888305664,26.139184951782227,3336247,29.34917335510254,29.157850799560546,0.14144406391611852,0.08264541625976562,Bullish
2021-04-27,29.173553466796875,29.25619888305664,29.132230758666992,29.25619888305664,26.139184951782227,4536818,29.363636207580566,29.166941719055174,0.0,0.12396812438964844,Bullish
2021-04-28,29.380165100097656,29.79338836669922,29.338842391967773,29.58677673339844,26.434541702270508,25029052,29.355371761322022,29.184297103881836,1.1299412191692726,0.4545459747314453,Bullish
2021-04-29,29.46280860900879,29.545454025268555,29.25619888305664,29.25619888305664,26.139184951782227,8977903,29.353305721282958,29.19504093170166,-1.1173162028448869,0.28925514221191406,Bearish
2021-05-02,29.25619888305664,29.338842391967773,29.173553466796875,29.29751968383789,26.176105499267575,4950797,29.34917345046997,29.20661117553711,0.14123776279488798,0.16528892517089844,Bullish
2021-05-03,29.29751968383789,29.338842391967773,29.21487617492676,29.25619888305664,26.139184951782227,3756344,29.340909004211426,29.219834327697754,-0.14103856308370633,0.12396621704101207,Bearish
2021-05-04,29.42148780822754,29.504131317138672,29.338842391967773,29.46280860900879,26.32378387451172,7574342,29.34917345046997,29.235536804199217,0.7062083723795132,0.16528892517089844,Bullish
2021-05-05,29.46280860900879,29.545454025268555,29.42148780822754,29.46280860900879,26.32378387451172,5521602,29.357437896728516,29.253718605041502,0.0,0.12396621704101562,Bearish
2021-05-06,29.46280860900879,29.504131317138672,29.380165100097656,29.46280860900879,26.32378387451172,6346875,29.359503936767577,29.271900405883787,0.0,0.12396621704101562,Bearish
2021-05-09,29.46280860900879,29.504131317138672,29.42148780822754,29.504131317138672,26.36070251464844,4149547,29.363636112213136,29.292561569213866,0.14025379819779804,0.08264350891113281,Bullish
2021-05-10,29.46280860900879,29.62809944152832,29.46280860900879,29.58677673339844,26.434541702270508,7590016,29.36983451843262,29.314049186706544,0.28011472485469646,0.16529083251953125,Bullish
2021-05-17,29.338842391967773,29.380165100097656,29.25619888305664,29.380165100097656,26.510461807250977,8129714,29.373966789245607,29.3322310256958,-0.698324238434378,0.12396621704101562,Bullish
2021-05-18,29.380165100097656,29.42148780822754,29.29751968383789,29.380165100097656,26.510461807250977,4286166,29.371900653839113,29.34049549102783,0.0,0.12396812438964844,Bearish
2021-05-19,29.338842391967773,29.380165100097656,29.25619888305664,29.29751968383789,26.43588638305664,2613688,29.36570224761963,29.344627723693847,-0.28129663661927706,0.12396621704101562,Bearish
2021-05-20,29.29751968383789,29.338842391967773,29.25619888305664,29.29751968383789,26.43588638305664,5646472,29.361569976806642,29.338842582702636,0.0,0.08264350891113281,Bearish
2021-05-23,29.25619888305664,29.29751968383789,29.21487617492676,29.29751968383789,26.43588638305664,3623162,29.357437705993654,29.331404571533202,0.0,0.08264350891112926,Bullish
2021-05-24,29.29751968383789,29.29751968383789,29.21487617492676,29.21487617492676,26.36131477355957,3487626,29.349173259735107,29.32396656036377,-0.2820836364407997,0.08264350891112926,Bearish
2021-05-25,29.21487617492676,29.29751968383789,29.173553466796875,29.25619888305664,26.398601531982425,8294871,29.349173259735107,29.317355003356933,0.14144406391611852,0.12396621704101562,Bullish
2021-05-26,29.25619888305664,29.25619888305664,29.173553466796875,29.173553466796875,26.32402610778809,5567732,29.34504098892212,29.30743766784668,-0.2824885645265063,0.08264541625976562,Bearish
2021-05-27,29.173553466796875,29.25619888305664,29.132230758666992,29.132230758666992,26.286741256713867,11372771,29.34090871810913,29.29834674835205,-0.14164441152810792,0.12396812438964844,Bearish
2021-05-30,29.132230758666992,29.173553466796875,29.09090805053711,29.173553466796875,26.32402610778809,4189668,29.336776447296142,29.291735191345214,0.1418453275075393,0.08264541625976562,Bullish
2021-05-31,29.173553466796875,29.173553466796875,29.09090805053711,29.173553466796875,26.32402610778809,3452486,29.332644176483154,29.28512363433838,0.0,0.08264541625976562,Bearish
2021-06-01,29.173553466796875,29.338842391967773,29.173553466796875,29.25619888305664,26.398601531982425,5402535,29.316115283966063,29.283470764160157,0.28328882305621583,0.16528892517089844,Bullish
2021-06-02,29.25619888305664,29.29751968383789,29.173553466796875,29.25619888305664,26.398601531982425,4516423,29.316115283966063,29.286776580810546,0.0,0.12396621704101562,Bearish
2021-06-03,29.25619888305664,29.29751968383789,29.173553466796875,29.21487617492676,26.36131477355957,5512052,29.311983108520508,29.28595012664795,-0.14124428226324204,0.12396621704101562,Bearish
2021-06-06,29.25619888305664,29.29751968383789,29.21487617492676,29.25619888305664,26.398601531982425,7058255,29.311983108520508,29.28347080230713,0.14144406391611852,0.08264350891112926,Bearish
2021-06-07,29.25619888305664,29.29751968383789,29.21487617492676,29.29751968383789,26.43588638305664,4910574,29.303718662261964,29.289255905151368,0.14123776279488798,0.08264350891112926,Bullish
2021-06-08,29.25619888305664,29.29751968383789,29.173553466796875,29.25619888305664,26.398601531982425,5905413,29.293388175964356,29.297520370483397,-0.14103856308370633,0.12396621704101562,Bearish
2021-06-09,29.25619888305664,29.29751968383789,29.21487617492676,29.25619888305664,26.398601531982425,9394375,29.283057689666748,29.307437744140625,0.0,0.08264350891112926,Bearish
2021-06-10,29.25619888305664,29.29751968383789,29.173553466796875,29.25619888305664,26.398601531982425,11913281,29.270661067962646,29.319834480285646,0.0,0.12396621704101562,Bearish
2021-06-13,29.25619888305664,29.29751968383789,29.173553466796875,29.25619888305664,26.398601531982425,8006300,29.254132175445555,29.323966751098634,0.0,0.12396621704101562,Bearish
2021-06-14,29.21487617492676,29.25619888305664,29.132230758666992,29.173553466796875,26.32402610778809,6642514,29.243801593780518,29.328098983764647,-0.2824885645265063,0.12396812438964844,Bearish
2021-06-15,29.173553466796875,29.21487617492676,29.09090805053711,29.173553466796875,26.32402610778809,6122051,29.23347101211548,29.3165287399292,0.0,0.12396812438965199,Bearish
2021-06-16,29.173553466796875,29.25619888305664,29.132230758666992,29.173553466796875,26.32402610778809,4412861,29.227272701263427,29.31404941558838,0.0,0.12396812438964844,Bearish
2021-06-17,29.173553466796875,29.25619888305664,29.132230758666992,29.132230758666992,26.286741256713867,14730099,29.219008255004884,29.309090728759767,-0.14164441152810792,0.12396812438964844,Bearish
2021-06-20,29.173553466796875,29.21487617492676,29.132230758666992,29.173553466796875,26.32402610778809,4669834,29.21280994415283,29.30413204193115,0.1418453275075393,0.08264541625976918,Bearish
2021-06-21,29.132230758666992,29.21487617492676,29.132230758666992,29.173553466796875,26.32402610778809,4164021,29.210743808746336,29.301652717590333,0.0,0.08264541625976918,Bullish
2021-06-22,29.173553466796875,29.21487617492676,29.132230758666992,29.173553466796875,26.32402610778809,9694458,29.206611537933348,29.29917339324951,0.0,0.08264541625976918,Bearish
2021-06-23,29.173553466796875,29.173553466796875,29.09090805053711,29.09090805053711,26.249454498291016,4923961,29.20247926712036,29.292561798095704,-0.28328882305621583,0.08264541625976562,Bearish
2021-06-24,29.09090805053711,29.132230758666992,29.049585342407227,29.049585342407227,26.212167739868164,5888717,29.19834699630737,29.2851237487793,-0.14204681427646415,0.08264541625976562,Bearish
2021-06-27,29.049585342407227,29.049585342407227,29.049585342407227,29.049585342407227,26.212167739868164,0,29.19214859008789,29.276859283447266,0.0,0.0,Bearish
2021-06-28,29.049585342407227,29.049585342407227,28.966941833496094,29.008264541625977,26.174880981445312,6209565,29.183884143829346,29.271074180603026,-0.1422423084329827,0.08264350891113281,Bearish
2021-06-29,29.008264541625977,29.173553466796875,28.92561912536621,29.173553466796875,26.32402610778809,8813051,29.179751873016357,29.266115493774414,0.5697994271036677,0.24793434143066406,Bullish
2021-06-30,29.09090805053711,29.132230758666992,28.92561912536621,29.008264541625977,26.174880981445312,15897528,29.167355155944826,29.25785102844238,-0.5665711081751401,0.20661163330078125,Bearish
2021-07-01,29.008264541625977,29.008264541625977,28.92561912536621,28.92561912536621,26.100311279296875,5993373,29.152892303466796,29.248760108947753,-0.28490300114704104,0.08264541625976562,Bearish
2021-07-04,28.92561912536621,29.049585342407227,28.92561912536621,28.966941833496094,26.137596130371094,9168951,29.13842945098877,29.240495643615724,0.14285850875235262,0.12396621704101562,Bullish
2021-07-05,28.92561912536621,28.966941833496094,28.84297561645508,28.884296417236328,26.06302261352539,5891538,29.11776828765869,29.230578269958496,-0.2853094287095126,0.12396621704101207,Bearish
2021-07-06,28.884296417236328,28.92561912536621,28.801652908325195,28.884296417236328,26.06302261352539,4756096,29.099173164367677,29.22314022064209,0.0,0.12396621704101562,Bearish
2021-07-07,28.84297561645508,28.92561912536621,28.760330200195312,28.884296417236328,26.06302261352539,7154588,29.08057804107666,29.215702171325685,0.0,0.16528892517089844,Bullish
2021-07-08,28.801652908325195,28.884296417236328,28.760330200195312,28.801652908325195,25.988452911376957,5872244,29.057850742340086,29.20743770599365,-0.2861191691060805,0.12396621704101562,Bearish
2021-07-11,28.801652908325195,28.84297561645508,28.59504127502441,28.59504127502441,25.80201911926269,5070036,29.024792861938476,29.194214553833007,-0.7173603333059497,0.24793434143067117,Bearish
2021-07-12,28.59504127502441,28.71900749206543,28.42975234985352,28.55371856689453,25.764732360839844,6005225,28.99380111694336,29.180164947509766,-0.14451004890128072,0.2892551422119105,Bearish
2021-07-13,28.59504127502441,28.84297561645508,28.55371856689453,28.71900749206543,25.913881301879883,5096357,28.971073818206786,29.162809562683105,0.5788700507909805,0.2892570495605504,Bullish
2021-07-14,28.677684783935547,28.92561912536621,28.677684783935547,28.92561912536621,26.100311279296875,5053520,28.958677101135255,29.156197967529298,0.7194246993315057,0.24793434143066406,Bullish
2021-07-15,28.84297561645508,28.92561912536621,28.760330200195312,28.84297561645508,26.025739669799805,5757930,28.944214344024658,29.14710708618164,-0.2857104235278296,0.16528892517089844,Bearish
2021-07-25,28.84297561645508,28.92561912536621,28.760330200195312,28.84297561645508,26.025739669799805,7554411,28.927685451507568,29.13884262084961,0.0,0.16528892517089844,Bearish
2021-07-26,28.84297561645508,28.884296417236328,28.71900749206543,28.71900749206543,25.913881301879883,3208831,28.904958152770995,29.12396659851074,-0.42980351971357855,0.16528892517089844,Bearish
2021-07-27,28.71900749206543,28.760330200195312,28.677684783935547,28.677684783935547,25.87659072875977,4955789,28.88016471862793,29.108264122009277,-0.14388626814940686,0.08264541625976562,Bearish
2021-07-28,28.677684783935547,28.84297561645508,28.677684783935547,28.84297561645508,26.025739669799805,3776510,28.86776809692383,29.095867462158203,0.5763743962069245,0.1652908325195348,Bullish
2021-07-29,28.801652908325195,28.84297561645508,28.677684783935547,28.801652908325195,25.988452911376957,6882856,28.855371475219727,29.081817893981935,-0.1432678399045373,0.1652908325195348,Bearish
2021-08-01,28.760330200195312,28.84297561645508,28.71900749206543,28.760330200195312,25.95116233825684,4458624,28.84090871810913,29.065288963317872,-0.1434733911328312,0.12396812438965199,Bearish
2021-08-02,28.71900749206543,29.008264541625977,28.71900749206543,28.884296417236328,26.06302261352539,10849567,28.834710311889648,29.055371589660645,0.43103196722051873,0.2892570495605469,Bullish
2021-08-03,28.884296417236328,29.008264541625977,28.801652908325195,29.008264541625977,26.174880981445312,7030254,28.826445865631104,29.04793357849121,0.429188658774704,0.20661163330078125,Bullish
2021-08-04,28.92561912536621,29.008264541625977,28.84297561645508,28.884296417236328,26.06302261352539,5184431,28.820247459411622,29.039669113159178,-0.4273545017205671,0.16528892517089488,Bearish
2021-08-05,28.884296417236328,29.008264541625977,28.801652908325195,28.966941833496094,26.137596130371094,4794748,28.822313594818116,29.033057556152343,0.28612577251647675,0.20661163330078125,Bullish
2021-08-08,28.92561912536621,29.132230758666992,28.884296417236328,29.049585342407227,26.212167739868164,8948931,28.82644577026367,29.02809886932373,0.2853028441392791,0.24793434143066406,Bullish
2021-08-09,29.008264541625977,29.09090805053711,28.966941833496094,29.049585342407227,26.212167739868164,5798820,28.834710216522218,29.02479305267334,0.0,0.12396621704101562,Bullish
2021-08-10,29.008264541625977,29.09090805053711,28.966941833496094,29.049585342407227,26.212167739868164,5015629,28.84297466278076,29.02066078186035,0.0,0.12396621704101562,Bullish
2021-08-11,29.049585342407227,29.132230758666992,29.008264541625977,29.132230758666992,26.286741256713867,7506576,28.855371379852294,29.019834327697755,0.2844977485414235,0.12396621704101562,Bullish
2021-08-12,29.132230758666992,29.132230758666992,29.049585342407227,29.09090805053711,26.249454498291016,5257964,28.86983413696289,29.019007873535156,-0.1418453275075393,0.08264541625976562,Bearish
2021-08-15,29.049585342407227,29.25619888305664,29.049585342407227,29.21487617492676,26.36131477355957,8176726,28.900825881958006,29.019834327697755,0.42614044282940355,0.20661354064941406,Bullish
2021-08-16,29.008264541625977,29.008264541625977,28.884296417236328,28.92561912536621,26.362667083740234,8307391,28.91942090988159,29.01487564086914,-0.9901019187231741,0.12396812438964844,Bearish
2021-08-17,28.92561912536621,29.132230758666992,28.884296417236328,29.132230758666992,26.55097198486328,11526296,28.94008207321167,29.01239627838135,0.7142859497848875,0.24793434143066406,Bullish
2021-08-18,29.049585342407227,29.132230758666992,28.966941833496094,28.966941833496094,26.40032958984375,4873262,28.942148208618164,29.006611137390138,-0.567374762819095,0.16528892517089844,Bearish
2021-08-19,28.966941833496094,29.049585342407227,28.760330200195312,28.884296417236328,26.325008392333984,5474513,28.944214248657225,28.999999542236328,-0.2853094287095126,0.28925514221191406,Bearish
2021-08-22,28.884296417236328,28.884296417236328,28.760330200195312,28.84297561645508,26.28734970092773,2518108,28.944214248657225,28.9917350769043,-0.143056282847831,0.12396621704101562,Bearish
2021-08-23,28.84297561645508,28.884296417236328,28.51239585876465,28.51239585876465,25.986059188842773,5354764,28.933883666992188,28.97603260040283,-1.1461361063656583,0.3719005584716797,Bearish
2021-08-24,28.59504127502441,28.760330200195312,28.59504127502441,28.760330200195312,26.212024688720703,3018767,28.938015937805176,28.966115226745604,0.8695668461492945,0.165288925170902,Bullish
2021-08-25,28.71900749206543,28.801652908325195,28.677684783935547,28.760330200195312,26.212024688720703,2473867,28.933883666992188,28.95619785308838,0.0,0.12396812438964844,Bullish
2021-08-26,28.760330200195312,28.801652908325195,28.677684783935547,28.801652908325195,26.249683380126957,1922157,28.933883666992188,28.94710693359375,0.14367953303124903,0.12396812438964844,Bullish
2021-08-29,28.71900749206543,28.884296417236328,28.71900749206543,28.84297561645508,26.28734970092773,2095070,28.938015937805176,28.93884246826172,0.1434733911328534,0.16528892517089844,Bullish
2021-08-30,28.84297561645508,28.966941833496094,28.71900749206543,28.966941833496094,26.40032958984375,5638995,28.942148208618164,28.934710235595702,0.4297969068430163,0.24793434143066406,Bullish
2021-08-31,28.84297561645508,29.049585342407227,28.84297561645508,29.049585342407227,26.47565078735352,9071864,28.944214248657225,28.932230873107912,0.2853028441392791,0.20660972595214488,Bullish
2021-09-01,28.966941833496094,29.008264541625977,28.92561912536621,28.92561912536621,26.362667083740234,3579522,28.94628038406372,28.927272186279296,-0.4267400569743951,0.08264541625976562,Bearish
2021-09-02,28.92561912536621,29.008264541625977,28.884296417236328,29.008264541625977,26.437990188598636,2718036,28.948346519470213,28.924792861938478,0.28571701750470524,0.12396812438964844,Bullish
2021-09-05,28.92561912536621,29.049585342407227,28.92561912536621,29.008264541625977,26.437990188598636,3539627,28.946280479431152,28.921487083435057,0.0,0.12396621704101562,Bullish
2021-09-06,28.966941833496094,29.008264541625977,28.92561912536621,29.008264541625977,26.437990188598636,3564553,28.94421443939209,28.91818130493164,0.0,0.08264541625976562,Bullish
2021-09-07,28.92561912536621,29.008264541625977,28.92561912536621,29.008264541625977,26.437990188598636,2017864,28.942148399353027,28.914875526428222,0.0,0.08264541625976562,Bullish
2021-09-08,28.966941833496094,29.008264541625977,28.92561912536621,29.008264541625977,26.437990188598636,4953328,28.935950088500977,28.91322265625,0.0,0.08264541625976562,Bullish
2021-09-09,28.92561912536621,28.966941833496094,28.884296417236328,28.884296417236328,26.325008392333984,4806624,28.925619506835936,28.909916877746582,-0.4273545017205671,0.08264541625976562,Bearish
2021-09-12,28.92561912536621,28.966941833496094,28.884296417236328,28.884296417236328,26.325008392333984,2743708,28.909090518951416,28.906611099243165,0.0,0.08264541625976562,Bearish
2021-09-13,28.884296417236328,28.966941833496094,28.84297561645508,28.966941833496094,26.40032958984375,4588063,28.91115665435791,28.905784645080566,0.28612577251647675,0.12396621704101207,Bullish
2021-09-14,28.884296417236328,28.966941833496094,28.884296417236328,28.884296417236328,26.325008392333984,4993304,28.89875993728638,28.899999504089354,-0.2853094287095126,0.08264541625976562,Bearish
2021-09-15,28.92561912536621,29.049585342407227,28.92561912536621,29.049585342407227,26.47565078735352,9275156,28.902892112731934,28.90082592010498,0.5722449416225572,0.12396621704101562,Bullish
2021-09-16,29.049585342407227,29.132230758666992,28.966941833496094,29.049585342407227,26.47565078735352,12930258,28.911156558990477,28.9033052444458,0.0,0.16528892517089844,Bearish
2021-09-19,29.008264541625977,29.049585342407227,28.84297561645508,28.92561912536621,26.362667083740234,8907581,28.915288734436036,28.902478790283205,-0.4267400569743951,0.20660972595214488,Bearish
2021-09-20,28.884296417236328,28.92561912536621,28.84297561645508,28.92561912536621,26.362667083740234,5361184,28.935949897766115,28.9033052444458,0.0,0.08264350891112926,Bullish
2021-09-21,28.84297561645508,28.92561912536621,28.84297561645508,28.84297561645508,26.28734970092773,5476276,28.940082168579103,28.90247882843018,-0.2857104235278296,0.08264350891112926,Bearish
2021-09-22,28.84297561645508,28.92561912536621,28.84297561645508,28.884296417236328,26.325008392333984,2945319,28.946280479431152,28.90247882843018,0.14326122703398614,0.08264350891112926,Bullish
2021-09-26,28.92561912536621,29.049585342407227,28.884296417236328,29.008264541625977,26.437990188598636,9635319,28.95661106109619,28.906611061096196,0.429188658774704,0.16528892517089844,Bullish
2021-09-27,29.008264541625977,29.09090805053711,28.966941833496094,29.008264541625977,26.437990188598636,7503121,28.964875507354737,28.914875526428226,0.0,0.12396621704101562,Bearish
2021-09-28,29.049585342407227,30.20661163330078,28.966941833496094,30.041322708129883,27.379514694213867,38123894,29.018594551086426,28.944627609252933,3.5612546383859023,1.2396697998046875,Bullish
2021-09-29,29.83470916748047,30.123966217041016,29.58677673339844,29.752065658569336,27.115886688232425,16498002,29.05371856689453,28.965288772583012,-0.9628638937468237,0.5371894836425746,Bearish
2021-09-30,29.710742950439453,29.83470916748047,29.504131317138672,29.752065658569336,27.115886688232425,10448261,29.09504089355469,28.981817703247074,0.0,0.3305778503417969,Bullish
2021-10-03,29.66942024230957,29.79338836669922,29.62809944152832,29.79338836669922,27.153547286987305,5459140,29.13429708480835,29.00082595825196,0.13889021557056402,0.16528892517089844,Bullish
2021-10-04,29.752065658569336,30.3305778503418,29.66942024230957,30.082643508911133,27.41717338562012,15911658,29.18801603317261,29.02561931610108,0.9708702435981431,0.6611576080322301,Bullish
2021-10-05,30.1652889251709,30.74380111694336,30.123966217041016,30.619834899902344,27.90676689147949,24454485,29.268594551086426,29.06363586425782,1.7857187013238462,0.6198348999023438,Bullish
2021-10-06,30.619834899902344,31.404958724975582,30.619834899902344,30.826446533203125,28.09507369995117,36482899,29.359503650665282,29.106611099243167,0.6747640344116901,0.7851238250732386,Bullish
2021-10-07,30.86776733398437,31.15702438354492,30.57851219177246,30.70247840881348,27.982091903686523,8726219,29.444214344024658,29.143801155090337,-0.40214860397911334,0.5785121917724574,Bearish
2021-10-10,30.78512382507324,30.86776733398437,30.289255142211918,30.537189483642575,27.831445693969727,7603692,29.52685899734497,29.178511886596684,-0.5383569462048987,0.5785121917724538,Bearish
2021-10-11,30.537189483642575,30.537189483642575,30.537189483642575,30.537189483642575,27.831445693969727,0,29.609503650665282,29.214049072265624,0.0,0.0,Bearish
2021-10-12,30.57851219177246,30.95041275024414,30.45454406738281,30.74380111694336,28.019750595092773,12257349,29.698346614837646,29.251239166259765,0.6765902062187301,0.4958686828613317,Bullish
2021-10-13,30.70247840881348,30.74380111694336,30.537189483642575,30.57851219177246,27.86910820007324,5614566,29.783057403564452,29.282644119262695,-0.5376333412455137,0.2066116333007848,Bearish
2021-10-14,30.57851219177246,30.86776733398437,30.537189483642575,30.826446533203125,28.09507369995117,8139997,29.871900463104247,29.32148712158203,0.8108123111933985,0.3305778503417969,Bullish
2021-10-17,30.78512382507324,31.033056259155277,30.74380111694336,30.909090042114254,28.170394897460938,9458962,29.9648756980896,29.360330085754395,0.26809288194185044,0.2892551422119176,Bullish
2021-10-18,30.909090042114254,30.909090042114254,30.78512382507324,30.909090042114254,28.170394897460938,5025859,30.064049243927002,29.397520179748536,0.0,0.12396621704101562,Bearish
2021-10-19,30.909090042114254,31.07438087463379,30.826446533203125,30.95041275024414,28.208051681518555,6158680,30.1652889251709,29.435536727905273,0.13369111828780422,0.24793434143066406,Bullish
2021-10-20,30.86776733398437,30.95041275024414,30.661157608032227,30.78512382507324,28.057411193847656,6344638,30.262396335601807,29.470247497558592,-0.5340443324769462,0.28925514221191406,Bearish
2021-10-21,30.826446533203125,31.07438087463379,30.78512382507324,30.95041275024414,28.208051681518555,7918069,30.365702152252197,29.506611137390138,0.536911678868357,0.2892570495605504,Bullish
2021-10-24,30.95041275024414,31.033056259155277,30.909090042114254,30.909090042114254,28.170394897460938,6353941,30.46074342727661,29.54297477722168,-0.13351262376802842,0.12396621704102273,Bearish
2021-10-25,30.826446533203125,30.991735458374023,30.826446533203125,30.95041275024414,28.208051681518555,8926540,30.55785083770752,29.577685508728027,0.13369111828780422,0.16528892517089844,Bullish
2021-10-26,30.909090042114254,30.991735458374023,30.826446533203125,30.909090042114254,28.170394897460938,9525993,30.60123920440674,29.617354927062987,-0.13351262376802842,0.16528892517089844,Bearish
2021-10-27,30.86776733398437,31.404958724975582,30.86776733398437,31.15702438354492,28.396360397338867,14718003,30.67148714065552,29.657850799560546,0.8021405388927594,0.5371913909912109,Bullish
2021-10-28,31.07438087463379,31.239669799804688,30.95041275024414,31.198347091674805,28.43402099609375,10090928,30.743801212310792,29.70247890472412,0.13262726125962132,0.2892570495605469,Bullish
2021-10-31,31.32231330871582,31.652891159057617,31.239669799804688,31.32231330871582,28.547006607055664,10994823,30.820247459411622,29.751239242553712,0.3973486693918282,0.4132213592529297,Bearish
2021-11-01,31.32231330871582,31.404958724975582,31.198347091674805,31.198347091674805,28.43402099609375,6283290,30.876032638549805,29.798346672058106,-0.3957760584896497,0.2066116333007777,Bearish
2021-11-02,31.198347091674805,31.32231330871582,31.11570167541504,31.32231330871582,28.547006607055664,6159783,30.911156558990477,29.854545021057127,0.3973486693918282,0.20661163330078125,Bullish
2021-11-03,31.280990600585938,31.280990600585938,31.033056259155277,31.07438087463379,28.32103729248047,3852292,30.923553276062012,29.900826034545897,-0.7915521169793105,0.2479343414306605,Bearish
2021-11-04,31.033056259155277,31.280990600585938,30.991735458374023,31.280990600585938,28.50934219360352,4071986,30.952478885650635,29.95123924255371,0.664887666742886,0.28925514221191406,Bullish
2021-11-07,31.07438087463379,31.11570167541504,30.991735458374023,31.07438087463379,28.58674049377441,3131054,30.979338455200196,29.996693801879882,-0.6604961095710293,0.12396621704101562,Bearish
2021-11-08,31.033056259155277,31.11570167541504,30.95041275024414,30.991735458374023,28.510713577270508,6268244,31.00206575393677,30.039668998718263,-0.26595997710522346,0.16528892517089844,Bearish
2021-11-09,30.991735458374023,30.991735458374023,30.78512382507324,30.826446533203125,28.358657836914062,4215950,31.006198024749757,30.076859092712404,-0.5333322665744378,0.2066116333007848,Bearish
2021-11-10,30.826446533203125,31.033056259155277,30.70247840881348,30.909090042114254,28.434680938720703,3343692,31.022726917266844,30.11404918670654,0.26809288194185044,0.3305778503417969,Bullish
2021-11-11,30.86776733398437,31.033056259155277,30.826446533203125,31.033056259155277,28.548725128173828,2830548,31.033057403564452,30.156197929382323,0.4010671840294133,0.206609725952152,Bullish
2021-11-14,30.991735458374023,31.033056259155277,30.909090042114254,30.95041275024414,28.472694396972656,1978294,31.035123538970947,30.195040893554687,-0.26630799177813635,0.12396621704102273,Bearish
2021-11-15,30.86776733398437,30.95041275024414,30.78512382507324,30.78512382507324,28.32063865661621,3097391,31.028925228118897,30.230578079223633,-0.5340443324769462,0.165288925170902,Bearish
2021-11-16,30.74380111694336,30.826446533203125,30.57851219177246,30.70247840881348,28.24460792541504,4444101,31.016528511047362,30.264462356567382,-0.2684589372755619,0.24793434143066406,Bearish
2021-11-17,30.57851219177246,30.661157608032227,30.537189483642575,30.619834899902344,28.168581008911133,2940549,31.00826406478882,30.29669376373291,-0.2691753669222141,0.12396812438965199,Bullish
2021-11-18,30.619834899902344,30.619834899902344,30.619834899902344,30.619834899902344,28.168581008911133,0,30.991735172271728,30.328925170898437,0.0,0.0,Bearish
2021-11-21,30.24793243408203,30.24793243408203,29.752065658569336,29.83470916748047,27.446308135986328,5652116,30.93801612854004,30.34793342590332,-2.5641083140666376,0.4958667755126953,Bearish
2021-11-22,29.752065658569336,29.876033782958984,29.09090805053711,29.29751968383789,26.95212745666504,6971047,30.855371475219727,30.35619789123535,-1.8005521040175165,0.785125732421875,Bearish
2021-11-23,29.21487617492676,30.0,29.049585342407227,29.58677673339844,27.21822738647461,7143115,30.789255809783935,30.3685945892334,0.9873090032263665,0.9504146575927734,Bullish
2021-11-24,29.95867729187012,29.95867729187012,29.752065658569336,29.752065658569336,27.370281219482425,3264997,30.719007873535155,30.385949974060058,0.5586581014224157,0.2066116333007848,Bearish
2021-11-25,29.79338836669922,30.0,29.42148780822754,29.42148780822754,27.06616973876953,4649164,30.630164909362794,30.393388023376463,-1.1111089029429477,0.5785121917724609,Bearish
2021-11-28,28.92561912536621,28.92561912536621,28.71900749206543,28.84297561645508,26.53396987915039,8476725,30.506198024749757,30.389255828857422,-1.9662914246324381,0.20661163330078125,Bearish
2021-11-29,28.884296417236328,29.049585342407227,28.84297561645508,28.84297561645508,26.53396987915039,7024624,30.38842945098877,30.3876029586792,0.0,0.20660972595214488,Bearish
2021-11-30,28.84297561645508,28.884296417236328,28.636362075805664,28.636362075805664,26.343896865844727,13296369,30.254131889343263,30.38181781768799,-0.7163391995226198,0.24793434143066406,Bearish
2021-12-01,28.71900749206543,28.92561912536621,28.677684783935547,28.92561912536621,26.609994888305664,5295406,30.146693801879884,30.383470687866208,1.0101040376386816,0.24793434143066406,Bullish
2021-12-02,28.884296417236328,28.966941833496094,28.71900749206543,28.884296417236328,26.571985244750977,6405455,30.026859092712403,30.383470687866208,-0.14285850875235262,0.24793434143066406,Bearish
2021-12-05,28.92561912536621,29.173553466796875,28.92561912536621,29.09090805053711,26.76205444335937,4156491,29.927685451507568,30.38512355804443,0.7153078278807845,0.24793434143066406,Bullish
2021-12-06,29.132230758666992,29.21487617492676,28.92561912536621,28.92561912536621,26.609994888305664,5570424,29.824379634857177,30.383470649719232,-0.5681807005946893,0.2892570495605504,Bearish
2021-12-07,29.173553466796875,29.173553466796875,28.966941833496094,28.966941833496094,26.64801025390625,4281524,29.731404399871828,30.361983032226558,0.14285850875235262,0.20661163330078125,Bearish
2021-12-08,28.966941833496094,29.132230758666992,28.92561912536621,28.966941833496094,26.64801025390625,5985019,29.63429698944092,30.346280555725095,0.0,0.20661163330078125,Bearish
2021-12-09,29.008264541625977,29.049585342407227,28.636362075805664,28.71900749206543,26.419925689697266,12412425,29.518594551086426,30.325619392395016,-0.8559217015583043,0.4132232666015625,Bearish
2021-12-12,28.760330200195312,28.801652908325195,28.55371856689453,28.760330200195312,26.45793914794922,4878659,29.409090423583983,30.304958229064937,0.14388626814940686,0.24793434143066406,Bearish
2021-12-13,28.760330200195312,28.92561912536621,28.71900749206543,28.801652908325195,26.495954513549805,5796210,29.30991687774658,30.279338417053218,0.14367953303124903,0.20661163330078125,Bullish
2021-12-14,28.801652908325195,28.92561912536621,28.71900749206543,28.92561912536621,26.609994888305664,3597979,29.22107391357422,30.245454101562494,0.43041355104027623,0.20661163330078125,Bullish
2021-12-15,28.884296417236328,29.049585342407227,28.801652908325195,29.049585342407227,26.72403907775879,4722478,29.142561435699463,30.20991687774658,0.4285689322801822,0.24793243408203125,Bullish
2021-12-16,28.966941833496094,29.173553466796875,28.966941833496094,29.132230758666992,26.800067901611328,9738104,29.068181228637695,30.17851192474365,0.2844977485414235,0.20661163330078125,Bullish
2021-12-19,29.049585342407227,29.09090805053711,28.92561912536621,28.966941833496094,26.64801025390625,2941634,29.024792861938476,30.14710697174072,-0.567374762819095,0.16528892517089844,Bearish
2021-12-20,28.966941833496094,29.132230758666992,28.84297561645508,29.132230758666992,26.800067901611328,5115121,29.016528415679932,30.11900779724121,0.5706122728487806,0.2892551422119105,Bullish
2021-12-21,29.09090805053711,29.29751968383789,29.008264541625977,29.29751968383789,26.95212745666504,5250219,29.002065563201903,30.0900821685791,0.567374762819095,0.28925514221191406,Bullish
2021-12-22,29.25619888305664,29.46280860900879,29.21487617492676,29.25619888305664,26.914112091064453,3634583,28.97727222442627,30.063635902404783,-0.14103856308370633,0.2479324340820277,Bearish
2021-12-23,29.21487617492676,29.504131317138672,29.21487617492676,29.504131317138672,27.14219665527344,3337136,28.981404399871828,30.037189598083497,0.8474526546427663,0.2892551422119105,Bullish
2021-12-26,29.42148780822754,29.504131317138672,29.338842391967773,29.338842391967773,26.990137100219727,1592794,29.00619773864746,30.005784645080567,-0.5602229850261153,0.16528892517089844,Bearish
2021-12-27,29.338842391967773,29.338842391967773,29.21487617492676,29.25619888305664,26.914112091064453,2537683,29.02685890197754,29.972726821899414,-0.28168633174756597,0.12396621704101207,Bearish
2021-12-28,29.338842391967773,29.42148780822754,29.29751968383789,29.42148780822754,27.06616973876953,3320027,29.066115188598634,29.942148323059083,0.5649706095846252,0.12396812438964844,Bullish
2021-12-29,29.338842391967773,29.380165100097656,29.049585342407227,29.09090805053711,26.76205444335937,3158360,29.074379634857177,29.90826400756836,-1.1235997303915557,0.3305797576904297,Bearish
2021-12-30,29.09090805053711,29.58677673339844,29.049585342407227,29.58677673339844,27.21822738647461,8078821,29.109503650665282,29.880991287231446,1.7045486582952352,0.5371913909912145,Bullish
2022-01-02,29.545454025268555,29.545454025268555,29.380165100097656,29.380165100097656,27.02815818786621,2644521,29.12396650314331,29.850412788391115,-0.698324238434378,0.16528892517089844,Bearish
2022-01-03,29.338842391967773,29.58677673339844,29.338842391967773,29.46280860900879,27.10418128967285,3409916,29.15082597732544,29.820660705566407,0.2812901446590521,0.24793434143066762,Bullish
2022-01-04,29.42148780822754,29.504131317138672,29.380165100097656,29.42148780822754,27.06616973876953,2423144,29.173553276062012,29.79090866088867,-0.14024732444759547,0.12396621704101562,Bearish
2022-01-05,29.380165100097656,29.58677673339844,29.380165100097656,29.545454025268555,27.180212020874023,2979819,29.202478885650635,29.758677253723146,0.42134584712045786,0.2066116333007848,Bullish
2022-01-06,29.42148780822754,29.46280860900879,29.29751968383789,29.29751968383789,26.95212745666504,3839851,29.231404495239257,29.720660705566406,-0.8391624011552468,0.16528892517089844,Bearish
2022-01-09,29.338842391967773,29.504131317138672,29.338842391967773,29.504131317138672,27.14219665527344,4151697,29.268594551086426,29.684297065734864,0.7052188565121353,0.16528892517089844,Bullish
2022-01-10,29.504131317138672,29.545454025268555,29.42148780822754,29.46280860900879,27.10418128967285,3014500,29.301652336120604,29.649586296081544,-0.14005736242733713,0.12396621704101562,Bearish
2022-01-11,29.42148780822754,29.752065658569336,29.380165100097656,29.752065658569336,27.370281219482425,5862003,29.34297466278076,29.618181343078614,0.9817701136343837,0.3719005584716797,Bullish
2022-01-12,29.752065658569336,30.041322708129883,29.66942024230957,30.041322708129883,27.636384963989254,9992188,29.392561531066896,29.597520179748535,0.972225098183177,0.3719024658203125,Bullish
2022-01-13,30.041322708129883,30.37190055847168,30.041322708129883,30.3305778503418,27.902482986450195,8836108,29.452478885650635,29.57851192474365,0.9628575446634313,0.3305778503417969,Bullish
2022-01-16,30.3305778503418,30.661157608032227,30.3305778503418,30.37190055847168,27.94049644470215,4540152,29.522726821899415,29.56446231842041,0.1362410842740136,0.33057975769042613,Bullish
2022-01-17,30.41322326660156,30.57851219177246,30.24793243408203,30.49586677551269,28.054540634155277,5543157,29.5909086227417,29.554544944763183,0.4081608814777704,0.3305797576904297,Bullish
2022-01-18,30.49586677551269,30.57851219177246,30.37190055847168,30.41322326660156,27.97851181030273,3446885,29.646693801879884,29.546280479431154,-0.2709990488858449,0.20661163330078125,Bearish
2022-01-19,30.37190055847168,30.45454406738281,30.289255142211918,30.3305778503418,27.902482986450195,2374174,29.70041275024414,29.534710235595703,-0.27174172081430026,0.16528892517089133,Bearish
2022-01-20,30.3305778503418,30.45454406738281,30.20661163330078,30.45454406738281,28.016525268554688,2843756,29.747933387756348,29.523139991760253,0.4087169642882804,0.2479324340820277,Bullish
2022-01-23,30.37190055847168,30.37190055847168,30.082643508911133,30.1652889251709,27.75042724609375,2237392,29.789255714416505,29.50743751525879,-0.9497930475396821,0.2892570495605469,Bearish
2022-01-24,30.1652889251709,30.20661163330078,29.917354583740234,30.0,27.598369598388672,3231124,29.82644577026367,29.491735038757323,-0.5479441141138075,0.2892570495605469,Bearish
2022-01-25,29.95867729187012,30.24793243408203,29.83470916748047,30.24793243408203,27.826454162597656,2728437,29.867768001556396,29.482644119262694,0.8264414469401071,0.4132232666015625,Bullish
2022-01-26,30.1652889251709,30.49586677551269,30.1652889251709,30.49586677551269,28.054540634155277,3605337,29.938015937805176,29.4801647567749,0.8196736817333683,0.3305778503417933,Bullish
2022-01-27,30.49586677551269,30.49586677551269,30.49586677551269,30.49586677551269,28.054540634155277,0,29.98347043991089,29.47768539428711,0.0,0.0,Bearish
2022-01-30,30.49586677551269,30.86776733398437,30.49586677551269,30.70247840881348,28.24460792541504,5011571,30.04958610534668,29.49504077911377,0.6775070038891107,0.3719005584716797,Bullish
2022-01-31,30.70247840881348,30.991735458374023,30.70247840881348,30.86776733398437,28.39666557312012,7035574,30.11983404159546,29.5264457321167,0.5383569462048543,0.2892570495605433,Bullish
2022-02-01,30.95041275024414,30.991735458374023,30.661157608032227,30.78512382507324,28.32063865661621,4688510,30.188015842437743,29.550412673950195,-0.26773400232333877,0.3305778503417969,Bearish
2022-02-02,30.826446533203125,30.991735458374023,30.289255142211918,30.37190055847168,27.94049644470215,6386366,30.2293381690979,29.56280937194824,-1.3422822950122648,0.7024803161621058,Bearish
2022-02-03,30.45454406738281,30.57851219177246,30.3305778503418,30.49586677551269,28.054540634155277,2341339,30.28925552368164,29.584296951293947,0.4081608814777704,0.2479343414306605,Bullish
2022-02-06,30.1652889251709,30.45454406738281,30.1652889251709,30.41322326660156,27.97851181030273,3721232,30.334710121154785,29.615701904296873,-0.2709990488858449,0.2892551422119105,Bullish
2022-02-07,30.41322326660156,30.619834899902344,30.24793243408203,30.619834899902344,28.168581008911133,4843454,30.392561435699463,29.65123908996582,0.6793480305906208,0.3719024658203125,Bullish
2022-02-08,30.619834899902344,31.033056259155277,30.619834899902344,30.78512382507324,28.32063865661621,6335674,30.444214344024658,29.694214324951172,0.5398099817037982,0.41322135925293324,Bullish
2022-02-09,30.78512382507324,30.78512382507324,30.537189483642575,30.70247840881348,28.24460792541504,2928391,30.47727212905884,29.72975151062012,-0.2684589372755619,0.24793434143066406,Bearish
2022-02-10,30.57851219177246,30.909090042114254,30.537189483642575,30.826446533203125,28.358657836914062,4019989,30.502065563201903,29.768594512939455,0.4037723689239936,0.3719005584716797,Bullish
2022-02-13,30.86776733398437,30.991735458374023,30.49586677551269,30.619834899902344,28.168581008911133,7390719,30.514462280273438,29.799173049926758,-0.6702414859209971,0.4958686828613317,Bearish
2022-02-14,30.619834899902344,30.826446533203125,30.49586677551269,30.826446533203125,28.358657836914062,5031474,30.53099126815796,29.837189598083498,0.6747640344116901,0.33057975769043324,Bullish
2022-02-15,30.74380111694336,30.991735458374023,30.74380111694336,30.826446533203125,28.358657836914062,6960615,30.551652431488037,29.874379692077635,0.0,0.24793434143066406,Bullish
2022-02-16,30.826446533203125,31.198347091674805,30.74380111694336,31.198347091674805,28.700782775878903,10062856,30.59504089355469,29.91900779724121,1.206433437182275,0.4545459747314453,Bullish
2022-02-17,31.198347091674805,31.32231330871582,30.991735458374023,31.198347091674805,28.700782775878903,11625549,30.632231044769288,29.968594589233398,0.0,0.3305778503417969,Bearish
2022-02-20,31.11570167541504,31.32231330871582,31.07438087463379,31.15702438354492,28.66276741027832,6330190,30.68181781768799,30.01652847290039,-0.13245159433754594,0.24793243408203125,Bullish
2022-02-21,31.15702438354492,33.223140716552734,31.15702438354492,32.43801498413086,29.84121322631836,48049145,30.80371856689453,30.089255714416502,4.1114022469439515,2.066116333007816,Bullish
2022-02-23,32.43801498413086,33.55371856689453,32.23140335083008,33.51239776611328,30.82958221435547,34867798,30.966941833496094,30.180991287231446,3.312110135308921,1.3223152160644531,Bullish
2022-02-24,33.34710693359375,34.917354583740234,32.85123825073242,34.173553466796875,31.437807083129883,55009065,31.150826168060302,30.283470649719238,1.972868982093945,2.0661163330078125,Bullish
2022-02-27,34.173553466796875,34.6694221496582,33.34710693359375,33.84297561645508,31.13369369506836,29876642,31.318181610107423,30.377685546875,-0.9673499440524647,1.3223152160644531,Bearish
2022-02-28,33.88429641723633,34.33884048461914,33.67768478393555,34.33884048461914,31.589866638183597,29778557,31.499999713897704,30.48512351989746,1.4651928771977296,0.6611557006835938,Bullish
2022-03-01,34.29751968383789,34.50413131713867,34.132232666015625,34.25619888305664,31.513839721679688,15057987,31.66942129135132,30.587602882385255,-0.24066509059768038,0.3718986511230469,Bearish
2022-03-02,34.380165100097656,35.661155700683594,34.380165100097656,35.57851028442383,32.73028945922852,47862502,31.90909061431885,30.713222694396972,3.8600645853361426,1.2809906005859375,Bullish
2022-03-03,35.95041275024414,37.19008255004883,35.909088134765625,36.61156845092773,33.6806526184082,38247268,32.22107400894165,30.860330085754395,2.903601523069299,1.2809944152832031,Bullish
2022-03-06,37.19008255004883,37.31404876708984,36.6942138671875,36.85950469970703,33.90873718261719,29569318,32.539255905151364,31.00743755340576,0.6772073944650181,0.6198348999023366,Bearish
2022-03-07,37.60330581665039,38.01652908325195,36.94214630126953,37.0247917175293,34.060794830322266,36091703,32.86983432769775,31.16115653991699,0.44842441364540964,1.0743827819824219,Bearish
2022-03-08,37.19008255004883,37.35536956787109,35.78512191772461,36.85950469970703,33.90873718261719,29356481,33.181817817687985,31.31322265625,-0.44642254596131137,1.5702476501464773,Bearish
2022-03-09,37.10743713378906,37.14876174926758,35.78512191772461,35.78512191772461,32.92036819458008,16874180,33.43181772232056,31.44049533843994,-2.9148052605030284,1.3636398315429688,Bearish
2022-03-10,35.20661163330078,35.41322326660156,33.6363639831543,33.966941833496094,31.24773979187012,45446981,33.59504089355469,31.53801601409912,-5.080826854268617,1.7768592834472656,Bearish
2022-03-13,33.966941833496094,34.421485900878906,32.97520446777344,33.01652908325195,30.373411178588867,24656964,33.70454502105713,31.606611061096192,-2.798052161725384,1.4462814331054688,Bearish
2022-03-14,32.89256286621094,33.42975234985352,32.479339599609375,32.479339599609375,29.87922477722168,29155972,33.79752025604248,31.668594551086425,-1.6270319702232805,0.9504127502441477,Bearish
2022-03-15,32.06611633300781,32.39669418334961,31.81818008422852,32.0247917175293,29.4610652923584,14738124,33.85743751525879,31.719834213256835,-1.3994985356338474,0.5785140991210902,Bearish
2022-03-16,32.23140335083008,33.88429641723633,32.10743713378906,33.88429641723633,31.17171669006348,23529578,34.010330009460446,31.809090385437013,5.806453687844604,1.7768592834472656,Bullish
2022-03-17,33.76033020019531,34.58677673339844,33.223140716552734,34.58677673339844,31.81795692443848,27495657,34.17975149154663,31.90991683959961,2.0731736835024606,1.3636360168457031,Bullish
2022-03-20,35.123966217041016,36.28099060058594,35.082645416259766,35.74380111694336,32.88235092163086,27731094,34.407024192810056,32.03884246826172,3.345279591861039,1.1983451843261719,Bullish
2022-03-21,36.11570358276367,36.11570358276367,35.28925704956055,35.49586868286133,32.654266357421875,19634980,34.62396640777588,32.15867721557617,-0.6936375716473653,0.826446533203125,Bearish
2022-03-22,35.70248031616211,35.70248031616211,35.16529083251953,35.619834899902344,32.768310546875,11194097,34.783057403564456,32.28181774139404,0.34924125437976183,0.5371894836425781,Bearish
2022-03-23,35.41322326660156,35.41322326660156,34.6694221496582,35.20661163330078,32.38816833496094,11625262,34.867768096923825,32.39090866088867,-1.1600931552961713,0.7438011169433594,Bearish
2022-03-24,35.3305778503418,35.619834899902344,35.123966217041016,35.20661163330078,32.38816833496094,7901457,34.91942100524902,32.49421443939209,0.0,0.4958686828613281,Bearish
2022-03-27,35.0,35.123966217041016,34.33884048461914,34.58677673339844,31.81795692443848,12627460,34.95661106109619,32.57933841705322,-1.7605639144099294,0.785125732421875,Bearish
2022-03-28,34.54545211791992,34.83470916748047,34.33884048461914,34.75206756591797,31.97001075744629,8079047,34.97727241516113,32.666941757202146,0.4779018114166034,0.4958686828613281,Bullish
2022-03-29,34.6694221496582,34.71074295043945,34.50413131713867,34.62809753417969,31.8559684753418,5271077,34.99586734771729,32.74958637237549,-0.35672706811799015,0.20661163330078125,Bearish
2022-03-30,34.62809753417969,34.71074295043945,34.09090805053711,34.46281051635742,31.703914642333984,5099495,34.94008235931396,32.83057811737061,-0.4773205275257153,0.6198348999023438,Bearish
2022-03-31,34.46281051635742,35.619834899902344,34.132232666015625,35.619834899902344,32.768310546875,14251226,34.890495681762694,32.936363258361816,3.357312901093046,1.4876022338867188,Bullish
2022-04-03,35.41322326660156,35.619834899902344,35.123966217041016,35.45454406738281,32.61625671386719,7373116,34.820247650146484,33.03636325836182,-0.4640415459084113,0.4958686828613281,Bullish
2022-04-04,35.45454406738281,35.45454406738281,35.45454406738281,35.45454406738281,32.61625671386719,0,34.74173526763916,33.142148361206054,0.0,0.0,Bearish
2022-04-05,35.619834899902344,35.661155700683594,35.37189865112305,35.53718948364258,32.69227981567383,5635854,34.675619506835936,33.25289215087891,0.2331024652374447,0.2892570495605469,Bearish
2022-04-06,35.53718948364258,35.619834899902344,35.37189865112305,35.53718948364258,32.69227981567383,7276769,34.66322288513184,33.358677291870116,0.0,0.24793624877929688,Bearish
2022-04-07,35.49586868286133,35.49586868286133,35.24793243408203,35.41322326660156,32.57823944091797,4650972,34.73553695678711,33.4570244216919,-0.3488351747626961,0.24793624877929688,Bearish
2022-04-10,35.45454406738281,35.53718948364258,35.3305778503418,35.37189865112305,32.540225982666016,3566496,34.853305435180665,33.5545450592041,-0.11669261272099218,0.20661163330078125,Bearish
2022-04-11,35.3305778503418,35.53718948364258,35.20661163330078,35.28925704956055,32.464202880859375,5078893,34.993801307678225,33.64628063201904,-0.23363631785108252,0.3305778503417969,Bearish
2022-04-12,35.28925704956055,36.07437896728516,35.24793243408203,35.53718948364258,32.69227981567383,12503670,35.16942119598389,33.73966907501221,0.7025719859554691,0.8264465332031321,Bullish
2022-04-13,35.53718948364258,35.619834899902344,35.16529083251953,35.24793243408203,32.42618179321289,6388738,35.23760299682617,33.82892524719238,-0.8139558973668692,0.4545440673828125,Bearish
2022-04-14,35.24793243408203,35.53718948364258,35.04132080078125,35.53718948364258,32.69227981567383,5554319,35.285123634338376,33.9322310256958,0.8206355084840578,0.4958686828613281,Bullish
2022-04-17,35.45454406738281,35.45454406738281,35.28925704956055,35.3305778503418,32.50221252441406,3127790,35.2644624710083,34.02892524719238,-0.5813955360647771,0.16528701782226562,Bearish
2022-04-18,35.28925704956055,35.45454406738281,35.24793243408203,35.37189865112305,32.540225982666016,2439598,35.258263969421385,34.128098754882814,0.11695478335023157,0.20661163330078125,Bullish
2022-04-19,35.41322326660156,35.49586868286133,35.123966217041016,35.123966217041016,32.3121452331543,6320639,35.23347053527832,34.218181381225584,-0.7009305226372442,0.3719024658203125,Bearish
2022-04-20,35.49586868286133,35.867767333984375,35.24793243408203,35.867767333984375,32.99639129638672,17940938,35.2665283203125,34.31983425140381,2.1176455766618085,0.6198348999023438,Bullish
2022-04-21,35.867767333984375,35.99173355102539,35.45454406738281,35.53718948364258,32.69227981567383,8970735,35.28305721282959,34.41652847290039,-0.9216571727579392,0.5371894836425781,Bearish
2022-04-24,35.45454406738281,35.53718948364258,35.3305778503418,35.53718948364258,32.69227981567383,3569825,35.3305778503418,34.51074333190918,0.0,0.20661163330078125,Bullish
2022-04-25,35.49586868286133,35.53718948364258,35.3305778503418,35.45454406738281,32.61625671386719,5490722,35.36570167541504,34.60743751525879,-0.23256036130208102,0.20661163330078125,Bearish
2022-04-26,35.53718948364258,35.867767333984375,35.45454406738281,35.826446533203125,32.95838165283203,8643264,35.42561912536621,34.70743751525879,1.048955713867028,0.4132232666015625,Bullish
2022-04-27,35.826446533203125,36.94214630126953,35.74380111694336,36.65289306640625,33.71866989135742,15690322,35.53512325286865,34.82396644592285,2.306805762712738,1.1983451843261719,Bullish
2022-04-28,36.98347091674805,37.10743713378906,36.735538482666016,37.10743713378906,34.1368293762207,15921136,35.60950336456299,34.942148246765136,1.2401314858264678,0.3718986511230469,Bullish
2022-05-08,37.0247917175293,38.09917449951172,36.94214630126953,37.89256286621094,34.859100341796875,16868487,35.731404304504395,35.07603256225586,2.1158177256789257,1.1570281982421875,Bullish
2022-05-09,37.89256286621094,38.223140716552734,37.76859664916992,37.97520446777344,34.93512344360352,15428569,35.85743732452393,35.21239616394043,0.2180945159457437,0.4545440673828125,Bullish
2022-05-10,37.97520446777344,38.18181610107422,37.39669418334961,37.97520446777344,34.93512344360352,11566972,35.97933807373047,35.32313995361328,0.0,0.7851219177246094,Bearish
2022-05-11,37.85123825073242,38.14049530029297,37.60330581665039,37.60330581665039,34.59299850463867,8919220,36.08264389038086,35.40495811462402,-0.979319680658064,0.5371894836425781,Bearish
2022-05-12,37.60330581665039,37.60330581665039,36.28099060058594,36.94214630126953,33.98476791381836,16990323,36.15909004211426,35.46032997131348,-1.7582483800881787,1.3223152160644531,Bearish
2022-05-15,38.18181610107422,39.0,37.04545211791992,38.5,35.41790771484375,18045682,36.31549510955811,35.55347045898438,4.217009174361186,1.9545478820800781,Bullish
2022-05-16,38.45454406738281,39.409088134765625,38.3636360168457,38.6363639831543,35.54335403442383,18335066,36.48285045623779,35.639420928955076,0.35419216403713705,1.0454521179199219,Bullish
2022-05-17,38.6363639831543,38.6363639831543,36.8636360168457,37.45454406738281,34.45614242553711,18747976,36.578718185424805,35.7033878326416,-3.0588279898355997,1.7727279663085938,Bearish
2022-05-18,37.5,37.81818008422852,36.81818008422852,37.0,34.037986755371094,14996814,36.6663215637207,35.731817626953124,-1.2135885743664754,1.0,Bearish
2022-05-19,36.409088134765625,36.59090805053711,35.909088134765625,36.1363639831543,33.243492126464844,13330533,36.696280288696286,35.72231353759766,-2.3341513968802796,0.6818199157714844,Bearish
2022-05-22,36.3636360168457,36.45454406738281,35.272727966308594,35.6363639831543,32.78351211547852,8822931,36.71156959533691,35.697850723266605,-1.3836477854636597,1.1818161010742188,Bearish
2022-05-23,35.772727966308594,35.909088134765625,35.409088134765625,35.909088134765625,33.03440856933594,7205157,36.73842906951904,35.67553665161133,0.7652973567680688,0.5,Bullish
2022-05-24,35.8636360168457,36.54545211791992,35.54545211791992,36.5,33.85208511352539,12548662,36.80723075866699,35.668346557617184,1.6455774733591166,1.0,Bullish
2022-05-25,36.54545211791992,37.5,36.54545211791992,37.272727966308594,34.568756103515625,8705368,36.877478790283206,35.69809867858887,2.117062921393398,0.9545478820800781,Bullish
2022-05-26,37.3636360168457,37.68181610107422,36.772727966308594,37.0,34.315818786621094,8018908,36.950619316101076,35.758759841918945,-0.7317091642852547,0.909088134765625,Bearish
2022-05-29,37.3636360168457,37.727272033691406,37.3636360168457,37.59090805053711,34.863861083984375,8205951,37.0533052444458,35.85024742126465,1.5970487852354331,0.3636360168457031,Bullish
2022-05-30,37.59090805053711,37.95454406738281,37.45454406738281,37.68181610107422,34.94816970825195,11719717,37.16466884613037,35.95429695129395,0.2418352076382302,0.5,Bullish
2022-05-31,38.0,38.18181610107422,37.5,38.09090805053711,35.327579498291016,35954528,37.27789192199707,36.075619277954104,1.0856481767375081,0.6818161010742188,Bullish
2022-06-01,38.04545211791992,38.04545211791992,37.31818008422852,37.31818008422852,34.61091232299805,5926800,37.311156272888184,36.144296951293946,-2.028641494404304,0.7272720336913991,Bearish
2022-06-02,37.272727966308594,37.272727966308594,36.54545211791992,36.54545211791992,33.894248962402344,6805777,37.283057022094724,36.183470458984374,-2.0706475089742438,0.7272758483886719,Bearish
2022-06-05,36.6363639831543,37.04545211791992,36.6363639831543,36.95454406738281,34.273658752441406,4625700,37.23615608215332,36.20768531799317,1.119405906220261,0.409088134765625,Bullish
2022-06-06,37.0,37.31818008422852,37.0,37.272727966308594,34.568756103515625,5437804,37.20103225708008,36.24322250366211,0.8610142729554626,0.31818008422852273,Bullish
2022-06-07,37.272727966308594,37.31818008422852,36.81818008422852,36.81818008422852,34.14719009399414,3739451,37.143181037902835,36.26718940734863,-1.2195186853265594,0.5,Bearish
2022-06-08,36.8636360168457,37.1363639831543,36.727272033691406,36.909088134765625,34.23150634765625,2834378,37.1084701538086,36.30123893737793,0.2469107661734915,0.4090919494628906,Bullish
2022-06-09,36.95454406738281,37.09090805053711,36.5,36.727272033691406,34.0628776550293,5776926,37.09772644042969,36.33165214538574,-0.49260523698216874,0.5909080505371094,Bearish
2022-06-12,36.45454406738281,36.45454406738281,35.59090805053711,35.6363639831543,33.05110549926758,8041691,36.954544639587404,36.35264389038086,-2.9702942530999144,0.8636360168457031,Bearish
2022-06-13,35.45454406738281,36.0,34.81818008422852,35.81818008422852,33.219730377197266,10677861,36.813635444641115,36.37396614074707,0.510198237845394,1.1818199157714773,Bullish
2022-06-14,35.81818008422852,36.0,35.09090805053711,35.5,32.92463302612305,6514281,36.715908241271975,36.391404190063476,-0.8883200751135467,0.9090919494628906,Bearish
2022-06-15,35.45454406738281,35.6363639831543,34.909088134765625,34.95454406738281,32.41874694824219,6336284,36.61363544464111,36.40123886108398,-1.5364955848371498,0.7272758483886719,Bearish
2022-06-16,34.95454406738281,35.409088134765625,34.95454406738281,35.0,32.460906982421875,9292529,36.5568172454834,36.38884216308594,0.13004298533993985,0.4545440673828125,Bullish
2022-06-19,34.59090805053711,34.6363639831543,33.59090805053711,33.59090805053711,31.15403938293457,9260147,36.45454444885254,36.351569442749025,-4.0259769984653975,1.0454559326171875,Bearish
2022-06-20,33.54545211791992,34.0,33.227272033691406,33.54545211791992,31.111875534057617,8654467,36.33636264801025,36.313387603759764,-0.13532213106236535,0.7727279663085938,Bearish
2022-06-21,33.727272033691406,34.3636360168457,33.68181610107422,34.09090805053711,31.61776351928711,6088788,36.21590805053711,36.284461975097656,1.6260205130036232,0.6818199157714844,Bullish
2022-06-22,34.18181610107422,34.18181610107422,33.6363639831543,33.81818008422852,31.364824295043945,4761763,36.04318065643311,36.25008178710937,-0.8000020589193135,0.5454521179199219,Bearish
2022-06-23,33.8636360168457,34.18181610107422,33.727272033691406,33.81818008422852,31.364824295043945,5075703,35.884089660644534,36.218180923461915,0.0,0.4545440673828125,Bearish
2022-06-26,34.1363639831543,34.409088134765625,34.1363639831543,34.227272033691406,31.74423217773437,3266113,35.71590785980224,36.19528839111328,1.2096805577473058,0.2727241516113281,Bullish
2022-06-27,34.3636360168457,34.3636360168457,34.09090805053711,34.18181610107422,31.702077865600582,3370535,35.540907859802246,36.173139572143555,-0.13280618032439628,0.27272796630859375,Bearish
2022-06-28,34.227272033691406,35.31818008422852,34.227272033691406,35.31818008422852,32.756004333496094,6143678,35.40227146148682,36.16875938415528,3.3244693020233917,1.0909080505371165,Bullish
2022-06-29,35.272727966308594,36.0,35.0,35.6363639831543,33.05110549926758,6250515,35.31818065643311,36.176528015136725,0.9009068365554374,1.0,Bullish
2022-06-30,35.6363639831543,35.6363639831543,35.227272033691406,35.272727966308594,32.71385192871094,8449684,35.25454444885254,36.17123878479004,-1.0204071801982906,0.4090919494628906,Bearish
2022-07-03,35.31818008422852,35.409088134765625,34.8636360168457,35.1363639831543,32.587379455566406,1763140,35.163635444641116,36.16735450744629,-0.3865989137118886,0.5454521179199219,Bearish
2022-07-04,35.0,35.0,34.45454406738281,34.68181610107422,32.165802001953125,3961053,35.03408985137939,36.153552856445316,-1.293667956929201,0.5454559326171875,Bearish
2022-07-05,34.68181610107422,34.909088134765625,34.54545211791992,34.81818008422852,32.29227828979492,2635732,34.9340898513794,36.14743713378907,0.39318582036447225,0.3636360168457031,Bullish
2022-07-06,34.5,34.59090805053711,34.272727966308594,34.5,31.997180938720703,6128310,34.813635444641115,36.12008178710938,-0.9138331855910176,0.3181800842285156,Bearish
2022-07-13,34.09090805053711,34.18181610107422,33.31818008422852,33.31818008422852,30.901094436645508,10024366,34.64318084716797,36.075701599121096,-3.425564973250661,0.863636016845696,Bearish
2022-07-14,33.3636360168457,33.54545211791992,32.81818008422852,32.95454406738281,30.563840866088867,4946062,34.50908985137939,36.0240486907959,-1.0914042001286872,0.7272720336913991,Bearish
2022-07-17,33.272727966308594,33.772727966308594,33.09090805053711,33.59090805053711,31.15403938293457,3414552,34.39772624969483,35.986775970458986,1.9310356163724007,0.6818199157714844,Bullish
2022-07-18,33.6363639831543,35.0,33.6363639831543,35.0,32.460906982421875,6487923,34.37272624969482,35.97024703979493,4.19486114320855,1.3636360168457031,Bullish
2022-07-19,35.0,35.45454406738281,34.6363639831543,35.227272033691406,32.67169189453125,4877327,34.386362648010255,35.94173461914063,0.6493486676897309,0.8181800842285156,Bullish
2022-07-20,35.18181610107422,35.45454406738281,35.04545211791992,35.3636360168457,32.79816055297852,3764926,34.40454444885254,35.90685859680176,0.3870977662530306,0.4090919494628906,Bullish
2022-07-21,35.409088134765625,35.409088134765625,35.09090805053711,35.1363639831543,32.587379455566406,3326261,34.4818172454834,35.85173461914063,-0.6426715668692684,0.3181800842285156,Bearish
2022-07-24,35.0,35.272727966308594,34.772727966308594,35.18181610107422,32.62953567504883,2069603,34.563635444641115,35.79586685180664,0.1293591959080187,0.5,Bullish
2022-07-25,35.0,35.3636360168457,34.95454406738281,35.09090805053711,32.54521560668945,3996118,34.61363544464111,35.73818092346192,-0.2583949909690242,0.4090919494628906,Bullish
2022-07-26,35.18181610107422,35.31818008422852,34.95454406738281,35.272727966308594,32.71385192871094,3051738,34.68636283874512,35.691569366455084,0.5181396717053754,0.36363601684571023,Bullish
2022-07-27,35.45454406738281,36.227272033691406,35.227272033691406,36.1363639831543,33.51483154296875,8446526,34.80227203369141,35.675453720092776,2.4484525769331578,1.0,Bullish
2022-07-28,36.31818008422852,36.409088134765625,36.09090805053711,36.09090805053711,33.47267532348633,12237404,34.89545383453369,35.62727188110352,-0.12579000100391147,0.3181800842285156,Bearish
2022-07-31,36.09090805053711,36.409088134765625,36.09090805053711,36.1363639831543,33.51483154296875,6181844,34.993181228637695,35.57727188110352,0.12594843153721502,0.3181800842285156,Bullish
2022-08-01,36.1363639831543,36.45454406738281,36.09090805053711,36.409088134765625,33.76777267456055,9908784,35.04772663116455,35.55636276245118,0.7547083368389274,0.3636360168457031,Bullish
2022-08-02,36.3636360168457,36.409088134765625,35.6363639831543,36.227272033691406,33.59914779663086,7012434,35.07727203369141,35.54090820312501,-0.4993701034237352,0.7727241516113281,Bearish
2022-08-03,36.1363639831543,36.227272033691406,35.909088134765625,36.227272033691406,33.59914779663086,3223353,35.12499923706055,35.542726364135746,0.0,0.31818389892578125,Bullish
2022-08-04,36.09090805053711,36.227272033691406,36.0,36.09090805053711,33.47267532348633,3226778,35.172726440429685,35.551817245483406,-0.37641250775790613,0.22727203369140625,Bearish
2022-08-07,36.0,36.0,35.6363639831543,35.68181610107422,33.09326171875,2103791,35.22272644042969,35.547271804809576,-1.1335041747634889,0.3636360168457031,Bearish
2022-08-08,35.727272033691406,35.95454406738281,35.59090805053711,35.727272033691406,33.13542175292969,3262293,35.268181037902835,35.5318172454834,0.127392430050155,0.3636360168457031,Bearish
2022-08-09,35.727272033691406,36.227272033691406,35.54545211791992,36.18181610107422,33.55699157714844,8987535,35.35227184295654,35.50999900817872,1.2722607730984103,0.6818199157714844,Bullish
2022-08-10,36.18181610107422,36.409088134765625,35.95454406738281,36.227272033691406,33.59914779663086,5880068,35.49772644042969,35.494544448852544,0.12563198179496027,0.4545440673828125,Bullish
2022-08-11,36.272727966308594,37.09090805053711,36.272727966308594,37.09090805053711,34.40012741088867,10216671,35.704544639587404,35.484544448852546,2.3839388625301883,0.8181800842285156,Bullish
2022-08-14,37.09090805053711,37.3636360168457,36.6363639831543,36.772727966308594,34.10503005981445,8740202,35.86363563537598,35.46636268615723,-0.8578384864425193,0.7272720336914062,Bearish
2022-08-15,36.727272033691406,36.772727966308594,36.227272033691406,36.772727966308594,34.10503005981445,5539893,35.95227203369141,35.43999908447266,0.0,0.5454559326171875,Bullish
2022-08-16,36.68181610107422,36.68181610107422,36.18181610107422,36.18181610107422,33.55699157714844,5862157,35.99999923706055,35.41727180480957,-1.606929640291499,0.5,Bearish
2022-08-17,36.18181610107422,36.227272033691406,35.8636360168457,36.18181610107422,33.55699157714844,4423357,36.04090824127197,35.40999908447266,0.0,0.3636360168457031,Bearish
2022-08-18,36.1363639831543,36.272727966308594,35.909088134765625,35.909088134765625,33.30404281616211,3533927,36.07954444885254,35.38908996582032,-0.7537708045022518,0.36363983154296875,Bearish
2022-08-21,35.909088134765625,35.95454406738281,35.54545211791992,35.6363639831543,33.05110549926758,2568305,36.10227184295654,35.35636268615723,-0.759485037848362,0.4090919494628906,Bearish
2022-08-22,35.45454406738281,35.45454406738281,35.09090805053711,35.227272033691406,32.940425872802734,4258024,36.10909004211426,35.324544525146486,-1.1479620919134015,0.3636360168457031,Bearish
2022-08-23,35.09090805053711,35.3636360168457,34.909088134765625,34.909088134765625,32.64289474487305,2628820,36.09090805053711,35.28454452514649,-0.9032317308631521,0.4545478820800781,Bearish
2022-08-24,34.95454406738281,35.727272033691406,34.909088134765625,35.59090805053711,33.28044891357422,3932121,36.06363525390625,35.2618172454834,1.95313012227456,0.8181838989257812,Bullish
2022-08-25,35.81818008422852,35.81818008422852,35.5,35.772727966308594,33.45047378540039,2550359,36.047726249694826,35.26454452514649,0.5108605701020785,0.31818008422852273,Bearish
2022-08-28,35.54545211791992,35.772727966308594,35.1363639831543,35.18181610107422,32.897918701171875,3869448,35.99999885559082,35.2518172454834,-1.6518501630373494,0.6363639831542969,Bearish
2022-08-29,35.18181610107422,35.409088134765625,34.909088134765625,34.95454406738281,32.68539810180664,4855037,35.92727165222168,35.24090812683106,-0.6459928988272634,0.5,Bearish
2022-08-30,35.31818008422852,35.409088134765625,34.68181610107422,34.68181610107422,32.43037796020508,8698024,35.84999885559082,35.23545356750489,-0.7802360854223922,0.7272720336914062,Bearish
2022-08-31,34.68181610107422,34.81818008422852,34.09090805053711,34.09090805053711,31.877830505371094,9711090,35.743180656433104,35.21727172851563,-1.7037978888274186,0.7272720336914134,Bearish
2022-09-01,34.09090805053711,34.18181610107422,33.5,33.727272033691406,31.537797927856445,9360063,35.62499885559082,35.21999900817872,-1.0666656819661169,0.6818161010742188,Bearish
2022-09-04,33.727272033691406,34.227272033691406,33.59090805053711,34.227272033691406,32.005340576171875,3123786,35.55227165222168,35.233635406494145,1.4824798148528995,0.6363639831542969,Bullish
2022-09-05,34.227272033691406,34.3636360168457,34.09090805053711,34.09090805053711,31.877830505371094,4554112,35.47045345306397,35.233635406494145,-0.3984073957751244,0.27272796630859375,Bearish
2022-09-06,34.09090805053711,34.409088134765625,33.772727966308594,33.772727966308594,31.580305099487305,6499271,35.349999046325685,35.23272636413574,-0.9333282755532357,0.6363601684570312,Bearish
2022-09-07,33.81818008422852,34.0,33.54545211791992,33.54545211791992,31.36778259277344,4856111,35.21590805053711,35.22727180480957,-0.6729567378015777,0.4545478820800781,Bearish
2022-09-08,33.59090805053711,33.68181610107422,33.227272033691406,33.227272033691406,31.070255279541016,5267568,35.02272624969483,35.20727180480957,-0.9485043847673902,0.4545440673828125,Bearish
2022-09-11,33.54545211791992,34.0,33.54545211791992,33.727272033691406,31.537797927856445,3830339,34.870453453063966,35.19818092346191,1.5047879931070263,0.4545478820800781,Bullish
2022-09-12,33.8636360168457,34.04545211791992,33.68181610107422,33.8636360168457,31.665306091308597,4500965,34.72499885559082,35.169090042114256,0.4043137049983603,0.3636360168457031,Bearish
2022-09-13,33.8636360168457,34.0,33.81818008422852,33.81818008422852,31.622806549072266,4480298,34.60681705474853,35.13272636413574,-0.13423228561330047,0.18181991577147727,Bearish
2022-09-14,33.727272033691406,33.95454406738281,33.45454406738281,33.6363639831543,31.452791213989254,4253405,34.479544448852536,35.09999908447266,-0.5376282834303581,0.5,Bearish
2022-09-15,33.68181610107422,34.18181610107422,33.18181610107422,33.18181610107422,31.027751922607425,10854219,34.34318084716797,35.06090812683105,-1.3513585544136841,1.0,Bearish
2022-09-18,33.272727966308594,33.409088134765625,32.772727966308594,32.95454406738281,30.81523323059082,4282881,34.209089851379396,35.02636268615723,-0.6849294595543509,0.6363601684570312,Bearish
2022-09-19,32.95454406738281,33.09090805053711,32.727272033691406,32.727272033691406,30.60271644592285,4947747,34.084089851379396,34.98454452514648,-0.6896530967829495,0.3636360168457031,Bearish
2022-09-20,32.81818008422852,33.0,32.81818008422852,32.909088134765625,30.77273178100586,3310346,33.984089851379395,34.9527262878418,0.5555492095004055,0.18181991577147727,Bullish
2022-09-21,32.95454406738281,32.95454406738281,32.727272033691406,32.727272033691406,30.60271644592285,4136874,33.84090805053711,34.940908126831054,-0.5524799117182067,0.22727203369140625,Bearish
2022-09-25,32.45454406738281,32.45454406738281,31.81818008422852,31.863636016845703,29.795146942138672,7394772,33.645453453063965,34.91908996582031,-2.638887885176089,0.6363639831542933,Bearish
2022-09-26,31.81818008422852,31.863636016845703,30.95454406738281,30.95454406738281,28.945070266723636,11104718,33.4340898513794,34.866362686157224,-2.853070343203379,0.9090919494628942,Bearish
2022-09-27,31.045454025268555,31.5,30.909090042114254,31.31818008422852,29.285099029541016,8792238,33.25227165222168,34.792726287841795,1.1747419572846418,0.5909099578857457,Bullish
2022-09-28,31.545454025268555,32.1363639831543,31.27272605895996,31.727272033691406,29.667634963989254,7244436,33.104544448852536,34.722726287841795,1.306244323146033,0.8636379241943359,Bullish
2022-09-29,32.1363639831543,32.59090805053711,32.09090805053711,32.59090805053711,30.475202560424805,5390104,33.02954444885254,34.66727172851562,2.7220620037190724,0.5,Bullish
2022-10-02,32.54545211791992,32.59090805053711,32.09090805053711,32.5,30.39020156860352,3100834,32.96818084716797,34.61454444885254,-0.2789368445829776,0.5,Bearish
2022-10-03,32.54545211791992,33.0,32.3636360168457,32.5,30.39020156860352,7254248,32.8818172454834,34.56090812683105,0.0,0.6363639831542969,Bearish
2022-10-04,32.5,32.5,32.5,32.5,30.39020156860352,0,32.80227184295654,34.509089965820316,0.0,0.0,Bearish
2022-10-05,32.772727966308594,33.04545211791992,32.5,32.68181610107422,30.560211181640625,6495208,32.74772624969482,34.45727172851562,0.5594341571514505,0.5454521179199219,Bearish
2022-10-06,32.909088134765625,32.909088134765625,32.68181610107422,32.727272033691406,30.60271644592285,4513199,32.7068172454834,34.38908988952637,0.13908631171721808,0.22727203369140625,Bearish
2022-10-09,32.727272033691406,32.909088134765625,32.6363639831543,32.727272033691406,30.60271644592285,3527398,32.6818172454834,34.32181716918945,0.0,0.2727241516113281,Bearish
2022-10-10,32.727272033691406,32.81818008422852,32.5,32.5,30.39020156860352,2795564,32.620453643798825,34.24908988952637,-0.6944423398853372,0.31818008422852273,Bearish
2022-10-11,32.5,32.5,32.227272033691406,32.45454406738281,30.347694396972656,3324350,32.54999904632568,34.16999900817871,-0.13986440805288103,0.27272796630859375,Bearish
2022-10-12,32.45454406738281,32.5,32.227272033691406,32.45454406738281,30.347694396972656,2689887,32.4818172454834,34.09454444885254,0.0,0.27272796630859375,Bearish
2022-10-13,32.3636360168457,32.409088134765625,32.18181610107422,32.18181610107422,30.09267234802246,2196674,32.40908985137939,34.013635330200195,-0.8403383074565784,0.22727203369140625,Bearish
2022-10-16,32.09090805053711,32.18181610107422,31.545454025268555,31.81818008422852,29.752641677856445,2919621,32.34090805053711,33.92818077087402,-1.1299424982841866,0.6363620758056641,Bearish
2022-10-17,31.81818008422852,32.18181610107422,31.727272033691406,32.0,29.92265892028809,9779287,32.29318084716797,33.854544448852536,0.5714340521367767,0.4545440673828125,Bullish
2022-10-18,32.09090805053711,32.3636360168457,32.09090805053711,32.3636360168457,30.26268577575684,4683995,32.27499904632568,33.78727172851563,1.1363625526428223,0.27272796630859375,Bullish
2022-10-19,32.272727966308594,32.54545211791992,32.18181610107422,32.5,30.39020156860352,5044389,32.2545446395874,33.71363540649414,0.4213493906658705,0.3636360168457031,Bullish
2022-10-20,32.5,32.772727966308594,32.45454406738281,32.772727966308594,30.645225524902344,7209833,32.25681743621826,33.644544525146486,0.8391629732572126,0.31818389892578125,Bullish
2022-10-23,32.81818008422852,33.409088134765625,32.81818008422852,33.18181610107422,31.027751922607425,4821944,32.32272644042969,33.56636268615723,1.2482578050450277,0.5909080505371023,Bullish
2022-10-24,33.0,33.18181610107422,32.81818008422852,33.18181610107422,31.027751922607425,5637526,32.434090042114256,33.49454444885254,0.0,0.363636016845696,Bullish
2022-10-25,33.18181610107422,33.227272033691406,32.3636360168457,32.5,30.39020156860352,4846945,32.49318103790283,33.40908988952637,-2.0547883786630528,0.8636360168457031,Bearish
2022-10-26,32.6363639831543,32.6363639831543,31.727272033691406,31.909090042114254,29.837650299072266,6900655,32.50227193832397,33.32363536834717,-1.8181844858022989,0.9090919494628906,Bearish
2022-10-27,31.909090042114254,32.3636360168457,31.545454025268555,31.545454025268555,29.497621536254883,15143912,32.449999237060545,33.23090812683105,-1.139600083755965,0.8181819915771484,Bearish
2022-10-30,31.95454406738281,31.95454406738281,31.545454025268555,31.59090805053711,29.540122985839844,3103108,32.4045446395874,33.144544525146486,0.1440905723916419,0.40909004211425426,Bearish
2022-10-31,31.81818008422852,31.81818008422852,31.409090042114254,31.727272033691406,29.667634963989254,5511944,32.365908241271974,33.06636268615723,0.4316557882291683,0.4090900421142649,Bearish
2022-11-01,31.81818008422852,32.0,31.409090042114254,31.68181800842285,29.625131607055664,5753594,32.32499914169311,32.99545360565185,-0.14326483922187938,0.5909099578857457,Bearish
2022-11-02,31.68181800842285,31.95454406738281,31.136362075805664,31.27272605895996,29.242595672607425,12142584,32.2545446395874,32.92272636413574,-1.291251497480761,0.8181819915771449,Bearish
2022-11-03,31.18181800842285,31.31818008422852,30.909090042114254,31.18181800842285,29.157590866088867,7638142,32.177271938323976,32.834544563293456,-0.29069435893025464,0.4090900421142649,Bearish
2022-11-06,31.5,31.81818008422852,31.409090042114254,31.68181800842285,29.625131607055664,5991056,32.12499923706055,32.75272636413574,1.6034985511907518,0.4090900421142649,Bullish
2022-11-07,31.636362075805664,31.77272605895996,31.409090042114254,31.77272605895996,29.71013641357422,8498694,32.088635540008546,32.68454456329346,0.286940763667487,0.3636360168457067,Bullish
2022-11-08,31.68181800842285,31.727272033691406,31.5,31.727272033691406,29.667634963989254,4600329,32.052271938323976,32.61999912261963,-0.1430598847080522,0.22727203369140625,Bullish
2022-11-09,31.45454406738281,31.45454406738281,31.136362075805664,31.18181800842285,29.42724227905273,3749322,31.988635635375978,32.5499991607666,-1.7191961057645755,0.3181819915771449,Bearish
2022-11-10,31.0,31.136362075805664,30.909090042114254,31.09090805053711,29.341447830200195,4269896,31.934090232849123,32.4899991607666,-0.29154797151720313,0.2272720336914098,Bullish
2022-11-13,31.27272605895996,31.5,31.09090805053711,31.27272605895996,29.513032913208008,3371156,31.906817531585695,32.44090824127197,0.5847947835017075,0.4090919494628906,Bearish
2022-11-14,31.18181800842285,31.18181800842285,30.68181800842285,30.68181800842285,28.95537567138672,12008868,31.840908432006835,32.3699991607666,-1.8895316302871779,0.5,Bearish
2022-11-15,30.68181800842285,30.727272033691406,29.95454406738281,30.136362075805664,28.44061279296875,9075031,31.729544734954835,32.29090824127197,-1.7777823089474287,0.7727279663085973,Bearish
2022-11-16,30.136362075805664,30.636362075805664,29.77272605895996,30.636362075805664,28.9124755859375,7382536,31.636362838745118,32.22818092346191,1.6591252744518004,0.8636360168457031,Bullish
2022-11-17,30.727272033691406,30.81818008422852,30.45454406738281,30.636362075805664,28.9124755859375,4807159,31.52954454421997,32.16999912261963,0.0,0.36363601684571023,Bearish
2022-11-20,30.68181800842285,30.68181800842285,30.45454406738281,30.59090805053711,28.86958122253418,2450870,31.399999141693115,32.11727184295654,-0.14836626214328463,0.22727394104004262,Bearish
2022-11-21,30.59090805053711,30.59090805053711,30.0,30.09090805053711,28.397714614868164,4234353,31.24545373916626,32.04454456329346,-1.6344725667312154,0.5909080505371094,Bearish
2022-11-22,30.09090805053711,30.5,29.909090042114254,30.363636016845703,28.65509986877441,3744145,31.138635540008544,31.974544563293456,0.906346747165454,0.5909099578857457,Bullish
2022-11-24,30.363636016845703,30.363636016845703,30.0,30.18181800842285,28.483509063720703,3342737,31.052271938323976,31.901817321777344,-0.5988018309861842,0.3636360168457031,Bearish
2022-11-27,30.18181800842285,30.18181800842285,30.0,30.045454025268555,28.354820251464844,2275394,30.977271938323973,31.82999912261963,-0.4518083805165163,0.18181800842285156,Bearish
2022-11-28,29.863636016845703,29.909090042114254,29.27272605895996,29.27272605895996,27.625572204589844,6954732,30.861362838745116,31.751817321777345,-2.57186316991157,0.6363639831542933,Bearish
2022-11-29,29.636362075805664,30.18181800842285,29.59090805053711,30.18181800842285,28.483509063720703,6473553,30.78409013748169,31.696362800598145,3.105593744948232,0.5909099578857422,Bullish
2022-11-30,30.136362075805664,30.45454406738281,29.95454406738281,30.45454406738281,28.74088859558105,10117552,30.72272644042969,31.650908241271974,0.9036104415043766,0.5,Bullish
2022-12-01,30.45454406738281,30.545454025268555,30.045454025268555,30.09090805053711,28.397714614868164,3923112,30.663635540008546,31.5945446395874,-1.1940287664170213,0.5,Bearish
2022-12-04,30.09090805053711,30.18181800842285,29.81818008422852,30.0,28.31192398071289,3201949,30.604544639587402,31.539999198913574,-0.30211135664112154,0.3636379241943324,Bearish
2022-12-05,30.0,30.045454025268555,29.363636016845703,29.363636016845703,27.711366653442383,5514584,30.488635540008545,31.489999198913573,-2.121213277180989,0.6818180084228516,Bearish
2022-12-06,29.363636016845703,29.59090805053711,29.09090805053711,29.227272033691406,27.582674026489254,6623720,30.361362838745116,31.455453758239745,-0.46439747133517617,0.5,Bearish
2022-12-07,29.27272605895996,29.363636016845703,28.863636016845703,28.863636016845703,27.239501953125,5974599,30.21818103790283,31.40636287689209,-1.2441668056687782,0.5,Bearish
2022-12-08,29.09090805053711,29.136362075805664,28.227272033691406,28.545454025268555,26.93922233581543,9045545,30.086362838745117,31.342726516723634,-1.102362818708802,0.9090900421142578,Bearish
2022-12-11,28.545454025268555,28.68181800842285,27.909090042114254,28.045454025268555,26.46735382080078,5781856,29.93409013748169,31.25181743621826,-1.7515923886073037,0.7727279663085973,Bearish
2022-12-12,28.045454025268555,28.136362075805664,27.27272605895996,27.5,25.95259666442871,9248818,29.74545383453369,31.151817436218263,-1.9448928328174242,0.8636360168457031,Bearish
2022-12-13,27.636362075805664,28.409090042114254,27.59090805053711,27.863636016845703,26.2957706451416,8453920,29.604544734954835,31.059090156555175,1.3223127885298336,0.8181819915771449,Bullish
2022-12-14,28.18181800842285,28.45454406738281,27.95454406738281,28.136362075805664,26.553150177001957,4911910,29.504544734954834,30.971817398071288,0.9787884782699541,0.5,Bearish
2022-12-15,28.18181800842285,28.227272033691406,28.0,28.227272033691406,26.638946533203125,36534291,29.384090232849122,30.882726516723633,0.32310487631914686,0.22727203369140625,Bullish
2022-12-18,28.227272033691406,28.27272605895996,28.0,28.045454025268555,26.46735382080078,3068912,29.254544830322267,30.789090156555176,-0.6441217847967695,0.27272605895996094,Bearish
2022-12-19,28.136362075805664,28.136362075805664,27.77272605895996,28.136362075805664,26.553150177001957,4836051,29.131817531585693,30.69727195739746,0.3241454050100234,0.3636360168457031,Bearish
2022-12-20,28.136362075805664,28.18181800842285,27.727272033691406,28.18181800842285,26.59605026245117,4599450,29.03636302947998,30.61090831756592,0.16155582763228704,0.4545459747314453,Bullish
2022-12-21,28.18181800842285,28.227272033691406,28.0,28.18181800842285,26.59605026245117,2568511,28.92727212905884,30.525453796386717,0.0,0.22727203369140625,Bearish
2022-12-22,28.18181800842285,28.363636016845703,28.136362075805664,28.27272605895996,26.681840896606445,2690249,28.831817531585692,30.441817436218262,0.3225769555035063,0.22727394104003906,Bullish
2022-12-25,28.363636016845703,28.59090805053711,28.27272605895996,28.545454025268555,26.93922233581543,3253701,28.756817531585693,30.36909019470215,0.964632719674241,0.31818199157714844,Bullish
2022-12-26,28.59090805053711,28.68181800842285,28.5,28.545454025268555,26.93922233581543,2194215,28.720453929901122,30.303635673522948,0.0,0.18181800842285156,Bearish
2022-12-27,28.545454025268555,29.27272605895996,28.545454025268555,29.09090805053711,27.4539852142334,5551469,28.665908432006837,30.24545383453369,1.9108262379912366,0.7272720336914062,Bullish
2022-12-28,29.09090805053711,29.27272605895996,28.95454406738281,29.27272605895996,27.625572204589844,3975053,28.606817531585694,30.18363563537598,0.6249994263052727,0.318181991577152,Bullish
2022-12-29,29.27272605895996,29.27272605895996,29.045454025268555,29.18181800842285,27.539779663085938,5744886,28.56136302947998,30.117271995544435,-0.3105554650223108,0.22727203369140625,Bearish
2023-01-01,29.227272033691406,29.45454406738281,29.18181800842285,29.45454406738281,27.79715919494629,1569087,28.53409023284912,30.050908317565916,0.9345752854782452,0.2727260589599574,Bullish
2023-01-02,29.545454025268555,29.545454025268555,29.227272033691406,29.227272033691406,27.582674026489254,4693364,28.527272033691407,29.971817436218263,-0.7716026198588466,0.31818199157714844,Bearish
2023-01-03,29.227272033691406,29.227272033691406,29.227272033691406,29.227272033691406,27.582674026489254,0,28.527272033691407,29.892726554870606,0.0,0.0,Bearish
2023-01-04,29.18181800842285,29.227272033691406,28.68181800842285,28.81818008422852,27.19660377502441,4618455,28.52499923706055,29.819090156555177,-1.399692550817988,0.5454540252685547,Bearish
2023-01-05,28.81818008422852,28.81818008422852,28.363636016845703,28.68181800842285,27.067914962768555,4797670,28.53181743621826,29.754544715881348,-0.4731807331591176,0.45454406738281605,Bearish
2023-01-08,28.68181800842285,28.68181800842285,28.545454025268555,28.636362075805664,27.02501678466797,2074569,28.56136283874512,29.69636287689209,-0.15848344272960668,0.13636398315429688,Bearish
2023-01-09,28.636362075805664,28.95454406738281,28.636362075805664,28.81818008422852,27.19660377502441,4194627,28.627271842956542,29.640908317565916,0.6349200640135333,0.3181819915771449,Bullish
2023-01-10,28.863636016845703,28.95454406738281,28.77272605895996,28.95454406738281,27.325294494628903,4766331,28.681817245483398,29.585453758239748,0.4731873517193952,0.181818008422848,Bullish
2023-01-11,28.95454406738281,28.95454406738281,28.77272605895996,28.95454406738281,27.325294494628903,2897814,28.722726345062256,29.530908279418945,0.0,0.181818008422848,Bearish
2023-01-12,28.909090042114254,29.227272033691406,28.863636016845703,29.227272033691406,27.582674026489254,5219232,28.772726345062257,29.489999198913573,0.9419176681694896,0.3636360168457031,Bullish
2023-01-15,29.227272033691406,29.31818008422852,29.136362075805664,29.18181800842285,27.539779663085938,2910536,28.82954454421997,29.449999198913574,-0.15551921922839496,0.18181800842285512,Bearish
2023-01-16,29.136362075805664,29.18181800842285,29.0,29.136362075805664,27.49688148498535,2872567,28.87954454421997,29.39909008026123,-0.15576799431779031,0.18181800842285156,Bearish
2023-01-17,29.045454025268555,29.18181800842285,28.909090042114254,29.18181800842285,27.539779663085938,3066789,28.929544544219972,29.34727191925049,0.15601100953825942,0.2727279663085973,Bullish
2023-01-18,29.045454025268555,29.18181800842285,28.909090042114254,29.18181800842285,27.539779663085938,3066789,28.97954454421997,29.296362838745118,0.0,0.2727279663085973,Bullish
2023-01-19,29.09090805053711,29.363636016845703,29.0,29.27272605895996,27.625572204589844,5009446,29.02954454421997,29.258180999755858,0.31152291646419084,0.3636360168457031,Bullish
2023-01-22,29.31818008422852,29.59090805053711,29.31818008422852,29.5,27.840057373046875,5923673,29.07727184295654,29.226362838745118,0.7764016941308238,0.2727279663085902,Bullish
2023-01-23,29.5,30.0,29.5,30.0,28.31192398071289,7005302,29.149999141693115,29.20090831756592,1.6949152542372836,0.5,Bullish
2023-01-24,30.0,30.227272033691406,29.95454406738281,30.18181800842285,28.483509063720703,5809266,29.204544639587404,29.190908317565917,0.6060600280761719,0.2727279663085973,Bullish
2023-01-25,30.18181800842285,30.18181800842285,29.09090805053711,30.09090805053711,28.397714614868164,7670790,29.24545373916626,29.189999237060547,-0.30120769352055543,1.0909099578857422,Bearish
2023-01-26,30.09090805053711,30.136362075805664,29.909090042114254,29.909090042114254,28.22612571716309,4469603,29.28181734085083,29.17545379638672,-0.6042290519033044,0.2272720336914098,Bearish
2023-01-29,29.81818008422852,30.045454025268555,29.81818008422852,30.0,28.31192398071289,3784113,29.30909013748169,29.162726554870606,0.3039542752980351,0.2272739410400355,Bullish
2023-01-30,30.0,30.09090805053711,29.81818008422852,30.0,28.31192398071289,6385128,29.34772653579712,29.150908393859865,0.0,0.2727279663085902,Bearish
2023-01-31,30.0,30.0,29.727272033691406,29.95454406738281,28.269023895263672,5410044,29.38409013748169,29.148181114196777,-0.15151977539064054,0.27272796630859375,Bearish
2023-02-01,29.77272605895996,29.909090042114254,29.68181800842285,29.909090042114254,28.22612571716309,2477928,29.438635635375977,29.13909019470215,-0.15174333872786105,0.2272720336914027,Bullish
2023-02-02,29.77272605895996,29.863636016845703,29.5,29.636362075805664,27.968748092651367,4652997,29.486362838745116,29.128181076049806,-0.9118564487404002,0.3636360168457031,Bearish
2023-02-05,29.59090805053711,29.59090805053711,29.045454025268555,29.18181800842285,27.539779663085938,3286226,29.513635635375977,29.11090835571289,-1.5337377314400213,0.5454540252685547,Bearish
2023-02-06,29.09090805053711,29.136362075805664,28.77272605895996,29.09090805053711,27.4539852142334,4815668,29.527272033691407,29.107271995544433,-0.31152945254988573,0.3636360168457031,Bearish
2023-02-07,29.5,29.5,29.045454025268555,29.18181800842285,27.539779663085938,7435173,29.538635730743408,29.087271995544434,0.31250299140821447,0.4545459747314453,Bearish
2023-02-08,29.18181800842285,29.545454025268555,29.136362075805664,29.545454025268555,27.882953643798828,4280361,29.568181228637695,29.06909019470215,1.246104738028131,0.4090919494628906,Bullish
2023-02-09,29.545454025268555,29.545454025268555,29.27272605895996,29.45454406738281,27.79715919494629,6592963,29.579544830322266,29.056362915039063,-0.30769524749220123,0.27272796630859375,Bearish
2023-02-12,29.409090042114254,29.59090805053711,29.363636016845703,29.5,27.840057373046875,2937079,29.595453929901122,29.04636291503906,0.15432570442510674,0.22727203369140625,Bullish
2023-02-13,29.45454406738281,30.09090805053711,29.409090042114254,30.0,28.31192398071289,8520087,29.63863582611084,29.059090194702147,1.6949152542372836,0.6818180084228551,Bullish
2023-02-14,30.0,30.09090805053711,29.81818008422852,29.95454406738281,28.269023895263672,5141869,29.67727212905884,29.073635635375975,-0.15151977539064054,0.2727279663085902,Bearish
2023-02-15,29.68181800842285,30.18181800842285,29.636362075805664,30.18181800842285,28.483509063720703,5761522,29.72727212905884,29.09999927520752,0.7587294285928303,0.5454559326171875,Bullish
2023-02-16,30.18181800842285,30.27272605895996,30.045454025268555,30.045454025268555,28.354820251464844,2921620,29.76590852737427,29.12999927520752,-0.4518083805165163,0.22727203369140625,Bearish
2023-02-19,30.0,30.045454025268555,29.727272033691406,29.81818008422852,28.14033317565918,1943225,29.781817531585695,29.165453796386718,-0.7564337049088876,0.31818199157714844,Bearish
2023-02-20,29.81818008422852,29.81818008422852,29.545454025268555,29.545454025268555,27.882953643798828,1847654,29.759090232849122,29.20636287689209,-0.914630128966909,0.2727260589599645,Bearish
2023-02-21,29.545454025268555,29.59090805053711,29.31818008422852,29.45454406738281,27.79715919494629,3047377,29.72272653579712,29.238181037902834,-0.30769524749220123,0.2727279663085902,Bearish
2023-02-23,29.409090042114254,29.409090042114254,28.909090042114254,28.909090042114254,27.28239631652832,4508438,29.663635635375975,29.253635597229,-1.851850173001235,0.5,Bearish
2023-02-26,28.909090042114254,29.09090805053711,28.545454025268555,28.545454025268555,26.93922233581543,3275028,29.595453834533693,29.25999923706054,-1.2578604733527121,0.5454540252685547,Bearish
2023-02-27,28.59090805053711,28.68181800842285,28.09090805053711,28.18181800842285,26.59605026245117,7221309,29.504544734954834,29.262726516723628,-1.2738841586608207,0.5909099578857422,Bearish
2023-02-28,28.227272033691406,28.909090042114254,28.09090805053711,28.909090042114254,27.28239631652832,6594461,29.449999237060545,29.2781810760498,2.5806427160733225,0.8181819915771449,Bullish
2023-03-01,28.909090042114254,28.909090042114254,28.636362075805664,28.68181800842285,27.067914962768555,1804,29.386362934112547,29.2881810760498,-0.7861611464086815,0.2727279663085902,Bearish
2023-03-02,28.863636016845703,29.09090805053711,28.863636016845703,28.863636016845703,27.239501953125,5500,29.33409023284912,29.301817436218258,0.6339138208375061,0.22727203369140625,Bearish
2023-03-05,28.909090042114254,29.27272605895996,28.909090042114254,29.09090805053711,27.4539852142334,2200,29.306817531585693,29.3181810760498,0.7873991813046821,0.3636360168457067,Bullish
2023-03-06,29.09090805053711,29.09090805053711,29.09090805053711,29.09090805053711,27.4539852142334,0,29.302272033691406,29.32909015655517,0.0,0.0,Bearish
2023-03-07,29.0,29.409090042114254,28.95454406738281,29.409090042114254,27.754261016845703,8597,29.318181133270265,29.346362876892087,1.0937506351620163,0.4545459747314453,Bullish
2023-03-08,29.18181800842285,29.45454406738281,28.95454406738281,29.45454406738281,27.79715919494629,590,29.331817436218262,29.353635597229,0.15455774117276722,0.5,Bullish
2023-03-09,29.409090042114254,29.863636016845703,29.31818008422852,29.81818008422852,28.14033317565918,2200,29.34545373916626,29.364544677734372,1.2345667820008455,0.545455932617184,Bullish
2023-03-12,29.81818008422852,30.0,29.68181800842285,29.81818008422852,28.14033317565918,1100,29.363635540008545,29.377271919250482,0.0,0.31818199157714844,Bearish
2023-03-13,30.0,30.09090805053711,29.81818008422852,29.95454406738281,28.269023895263672,17252,29.386362743377685,29.387271919250484,0.45731826278161414,0.2727279663085902,Bearish
2023-03-14,30.0,30.09090805053711,29.81818008422852,29.95454406738281,28.269023895263672,3547,29.384089946746826,29.401817359924312,0.0,0.2727279663085902,Bearish
2023-03-15,29.227272033691406,29.363636016845703,28.68181800842285,28.68181800842285,27.34392738342285,550,29.320453643798828,29.39090827941894,-4.248858056717397,0.6818180084228516,Bearish
2023-03-16,28.636362075805664,28.68181800842285,28.136362075805664,28.136362075805664,26.82391357421875,2048,29.218180847167968,29.377271919250482,-1.9017481125394697,0.5454559326171875,Bearish
2023-03-19,28.136362075805664,28.136362075805664,28.136362075805664,28.136362075805664,26.82391357421875,0,29.122726249694825,29.36636280059814,0.0,0.0,Bearish
2023-03-20,28.18181800842285,28.409090042114254,28.18181800842285,28.27272605895996,26.953914642333984,1100,29.045453548431396,29.359090080261225,0.4846539250060289,0.2272720336914027,Bullish
2023-03-21,28.45454406738281,28.81818008422852,28.409090042114254,28.68181800842285,27.34392738342285,1100,29.002271747589113,29.356362838745113,1.4469490795113726,0.4090900421142649,Bullish
2023-03-22,28.68181800842285,29.18181800842285,28.68181800842285,28.81818008422852,27.47392845153809,718,28.970453548431397,29.353635559082026,0.47543037810791056,0.5,Bullish
2023-03-23,28.81818008422852,29.227272033691406,28.727272033691406,29.227272033691406,27.86393547058105,3300,28.986362648010253,29.359090118408197,1.4195620551582744,0.5,Bullish
2023-03-26,29.227272033691406,29.227272033691406,29.227272033691406,29.227272033691406,27.86393547058105,0,29.020453548431398,29.359090118408197,0.0,0.0,Bearish
2023-03-27,29.227272033691406,29.227272033691406,29.227272033691406,29.227272033691406,27.86393547058105,0,29.072726249694824,29.35999919891357,0.0,0.0,Bearish
2023-03-28,29.227272033691406,29.227272033691406,29.227272033691406,29.227272033691406,27.86393547058105,0,29.08863534927368,29.361817398071285,0.0,0.0,Bearish
2023-03-29,29.31818008422852,29.45454406738281,29.18181800842285,29.45454406738281,28.08060836791992,7586,29.12727165222168,29.367271919250484,0.7776026220627674,0.2727260589599574,Bullish
2023-03-30,29.409090042114254,29.45454406738281,29.27272605895996,29.363636016845703,27.993940353393555,3485,29.15227165222168,29.37090827941894,-0.30863845771686993,0.181818008422848,Bearish
2023-04-02,29.363636016845703,29.5,29.363636016845703,29.409090042114254,28.03727531433105,723,29.168180751800538,29.373635559082025,0.15479699190683593,0.13636398315429688,Bullish
2023-04-03,29.545454025268555,29.727272033691406,29.45454406738281,29.59090805053711,28.21060943603516,1100,29.193180751800536,29.375453720092768,0.6182374502661903,0.2727279663085973,Bullish
2023-04-04,29.68181800842285,30.045454025268555,29.68181800842285,29.81818008422852,28.42728042602539,3272,29.21363525390625,29.37181732177734,0.7680468382493144,0.3636360168457031,Bullish
2023-04-05,29.863636016845703,29.909090042114254,29.45454406738281,29.545454025268555,28.16727828979492,5143,29.21818075180054,29.359090042114254,-0.914630128966909,0.4545459747314453,Bearish
2023-04-06,29.545454025268555,29.727272033691406,29.5,29.68181800842285,28.29728126525879,24200,29.211362648010255,29.350908241271966,0.46153964341746345,0.22727203369140625,Bullish
2023-04-09,29.59090805053711,29.81818008422852,29.59090805053711,29.727272033691406,28.340614318847656,2750,29.2068172454834,29.34727188110351,0.15313760516844077,0.2272720336914098,Bullish
2023-04-10,29.727272033691406,29.77272605895996,29.59090805053711,29.636362075805664,28.253944396972656,770,29.19090814590454,29.339999122619624,-0.30581332112381565,0.18181800842285156,Bearish
2023-04-11,29.59090805053711,29.636362075805664,29.31818008422852,29.5,28.123943328857425,704,29.1681809425354,29.329999122619625,-0.46011745792843284,0.3181819915771449,Bearish
2023-04-12,29.5,29.727272033691406,29.45454406738281,29.727272033691406,28.340614318847656,1711,29.220453643798827,29.325453681945795,0.7704136735301903,0.2727279663085973,Bullish
2023-04-13,29.727272033691406,29.863636016845703,29.68181800842285,29.863636016845703,28.470617294311523,1749,29.30681734085083,29.324544601440426,0.4587167736069153,0.18181800842285156,Bullish
2023-04-16,29.909090042114254,30.227272033691406,29.81818008422852,30.09090805053711,28.687286376953125,550,29.404544639587403,29.333635520935054,0.7610326939532897,0.4090919494628871,Bullish
2023-04-17,30.09090805053711,31.59090805053711,30.09090805053711,31.5,30.03065299987793,550,29.565908336639403,29.379999160766598,4.682783075526831,1.5,Bullish
2023-04-25,31.545454025268555,32.727272033691406,31.5,32.727272033691406,31.20067596435547,5402,29.76818103790283,29.452726440429682,3.896101694258425,1.2272720336914062,Bullish
2023-04-26,32.727272033691406,32.8636360168457,32.272727966308594,32.727272033691406,31.20067596435547,1100,29.963635635375976,29.523635520935056,0.0,0.5909080505371094,Bearish
2023-04-27,32.31818008422852,32.8636360168457,32.31818008422852,32.727272033691406,31.20067596435547,1467,30.138635635375977,29.58727188110351,0.0,0.5454559326171804,Bullish
2023-04-30,32.772727966308594,33.18181610107422,32.772727966308594,33.0,31.460681915283203,3564,30.327272033691408,29.658180999755857,0.8333354702702689,0.409088134765625,Bullish
2023-05-01,33.0,33.1363639831543,32.727272033691406,32.772727966308594,31.24401092529297,1413,30.504544830322267,29.723635559082027,-0.6887031323982051,0.4090919494628906,Bearish
2023-05-02,32.727272033691406,32.772727966308594,32.04545211791992,32.227272033691406,30.7239990234375,752,30.654544830322266,29.768180999755856,-1.664359259863668,0.7272758483886719,Bearish
2023-05-03,32.0,32.09090805053711,31.59090805053711,31.909090042114254,30.4206600189209,3564,30.777272129058836,29.80727191925049,-0.9873066241676165,0.5,Bearish
2023-05-04,31.727272033691406,31.909090042114254,31.5,31.863636016845703,30.3773250579834,4046,30.902272129058836,29.840908279418944,-0.1424485161079847,0.40909004211425426,Bullish
2023-05-07,32.0,32.68181610107422,32.0,32.5,30.984006881713867,2200,31.056817626953126,29.889999198913575,1.9971480430477584,0.6818161010742188,Bullish
2023-05-08,32.5,32.727272033691406,32.272727966308594,32.54545211791992,31.02733612060547,11000,31.204544830322266,29.9445446395874,0.13985267052283312,0.4545440673828125,Bullish
2023-05-09,34.900001525878906,34.900001525878906,33.45000076293945,33.599998474121094,32.032691955566406,5000,31.393635749816895,30.02563552856445,3.2402264758230936,1.4500007629394531,Bearish
2023-05-10,33.70000076293945,33.70000076293945,33.400001525878906,33.54999923706055,31.98502540588379,1000,31.593863010406494,30.107544631958007,-0.14880725991418542,0.2999992370605469,Bearish
2023-05-11,33.349998474121094,33.70000076293945,33.04999923706055,33.650001525878906,32.080360412597656,500,31.7922721862793,30.2023628616333,0.29806942203411957,0.6500015258789062,Bullish
2023-05-14,33.650001525878906,33.70000076293945,33.5,33.70000076293945,32.12803649902344,10000,31.9909086227417,30.30545379638672,0.14858613608708104,0.20000076293945312,Bullish
2023-05-15,33.70000076293945,34.0,33.099998474121094,33.099998474121094,31.55601692199707,662,32.16409044265747,30.403817405700682,-1.7804221817056876,0.9000015258789062,Bearish
2023-05-16,33.349998474121094,33.45000076293945,31.549999237060547,32.400001525878906,30.888671875,4783,32.309090518951415,30.473635635375977,-2.1147945030555615,1.9000015258789062,Bearish
2023-05-17,32.20000076293945,32.29999923706055,31.899999618530277,32.099998474121094,30.89097785949707,4619,32.4277268409729,30.54199924468994,-0.9259353013245764,0.3999996185302699,Bearish
2023-05-18,32.25,32.400001525878906,32.150001525878906,32.400001525878906,31.1796817779541,601,32.55454511642456,30.612726554870605,0.9345889907118599,0.25,Bullish
2023-05-21,32.400001525878906,32.45000076293945,32.25,32.400001525878906,31.1796817779541,885,32.66999979019165,30.67890842437744,0.0,0.20000076293945312,Bearish
2023-05-22,32.349998474121094,32.400001525878906,32.20000076293945,32.25,31.035329818725582,555,32.70749979019165,30.7420902633667,-0.4629676506622826,0.20000076293945312,Bearish
2023-05-23,32.25,32.349998474121094,32.0,32.099998474121094,30.89097785949707,500,32.676136112213136,30.795908432006836,-0.46512101047723187,0.34999847412109375,Bearish
2023-05-24,32.04999923706055,32.150001525878906,31.899999618530277,32.0,30.79474639892578,3791,32.639772510528566,30.84681755065918,-0.31152174104217556,0.25000190734862926,Bearish
2023-05-25,32.0,32.0,31.899999618530277,31.899999618530277,30.69851303100586,473,32.59840888977051,30.888453941345215,-0.3125011920928844,0.10000038146972301,Bearish
2023-05-28,31.950000762939453,32.04999923706055,31.950000762939453,31.950000762939453,30.746627807617188,759,32.54590892791748,30.931090354919434,0.15674340127618258,0.09999847412109375,Bearish
2023-05-29,31.950000762939453,32.0,31.700000762939453,31.75,30.554161071777344,1880,32.49477252960205,30.96699947357178,-0.6259804637358424,0.2999992370605469,Bearish
2023-05-30,31.799999237060547,31.950000762939453,31.799999237060547,31.850000381469727,30.6503963470459,572,32.47590894699097,31.004908599853515,0.31496183140071743,0.15000152587890625,Bullish
2023-05-31,31.850000381469727,31.899999618530277,31.5,31.5,30.31357765197754,1146,32.455454444885255,31.06127223968506,-1.0989022834466122,0.399999618530277,Bearish
2023-06-01,31.700000762939453,31.850000381469727,31.649999618530277,31.649999618530277,30.45792579650879,990,32.44477262496948,31.131544990539552,0.4761892651754751,0.20000076293944957,Bearish
2023-06-04,32.0,32.25,31.899999618530277,32.20000076293945,30.987213134765625,1500,32.42977266311645,31.212817764282228,1.7377603508316186,0.350000381469723,Bullish
2023-06-05,32.20000076293945,33.0,32.20000076293945,32.599998474121094,31.372146606445312,714,32.432499980926515,31.299363212585448,1.2422288872800724,0.7999992370605469,Bullish
2023-06-06,32.599998474121094,32.599998474121094,32.25,32.54999923706055,31.324031829833984,2000,32.380000019073485,31.376726837158202,-0.153371900002508,0.34999847412109375,Bearish
2023-06-07,32.5,32.5,32.29999923706055,32.400001525878906,31.1796817779541,1000,32.3225001335144,31.448363265991212,-0.46082247218874883,0.20000076293945312,Bearish
2023-06-08,32.29999923706055,32.5,32.25,32.45000076293945,31.22779655456543,6720,32.26250009536743,31.512817840576172,0.15431862563528576,0.25,Bullish
2023-06-11,32.349998474121094,32.400001525878906,32.29999923706055,32.349998474121094,31.131563186645508,700,32.19499998092651,31.575272369384766,-0.3081734559851501,0.10000228881835938,Bearish
2023-06-12,32.349998474121094,32.349998474121094,32.099998474121094,32.29999923706055,31.08344841003418,500,32.15500001907348,31.636726913452147,-0.1545571543088209,0.25,Bearish
2023-06-13,32.25,32.400001525878906,32.099998474121094,32.20000076293945,30.987213134765625,920,32.144999980926514,31.69618148803711,-0.3095928064492215,0.3000030517578125,Bearish
2023-06-14,32.20000076293945,32.650001525878906,32.20000076293945,32.650001525878906,31.420263290405277,500,32.172500133514404,31.760090637207032,1.3975178642150254,0.4500007629394531,Bullish
2023-06-15,32.54999923706055,32.79999923706055,32.400001525878906,32.5,31.275915145874023,27337,32.177500057220456,31.822817916870118,-0.4594227224155367,0.3999977111816406,Bearish
2023-06-18,32.5,32.599998474121094,32.20000076293945,32.29999923706055,31.08344841003418,715,32.17249994277954,31.880636100769042,-0.6153869628906294,0.3999977111816406,Bearish
2023-06-19,32.20000076293945,32.29999923706055,32.04999923706055,32.099998474121094,30.89097785949707,4859944,32.164999866485594,31.930817909240723,-0.6191974231069763,0.25,Bearish
2023-06-20,32.04999923706055,32.150001525878906,32.0,32.150001525878906,30.93910026550293,5097686,32.167500019073486,31.97745433807373,0.15577275431375437,0.15000152587890625,Bullish
2023-06-21,32.099998474121094,32.29999923706055,32.04999923706055,32.20000076293945,30.987213134765625,3192388,32.177500057220456,32.03054527282715,0.15551861489120355,0.25,Bullish
2023-06-22,32.20000076293945,32.349998474121094,32.099998474121094,32.25,31.035329818725582,4892740,32.195000076293944,32.08190891265869,0.15527713004930277,0.25,Bullish
2023-07-02,32.20000076293945,32.29999923706055,32.099998474121094,32.20000076293945,30.987213134765625,3037150,32.20750007629395,32.131363487243654,-0.1550363939861965,0.20000076293945312,Bearish
2023-07-03,32.29999923706055,32.29999923706055,32.150001525878906,32.29999923706055,31.08344841003418,6086391,32.23500003814697,32.18463623046875,0.31055426009860554,0.14999771118164062,Bearish
2023-07-04,32.29999923706055,32.349998474121094,32.20000076293945,32.29999923706055,31.08344841003418,3380056,32.25749998092651,32.24063621520996,0.0,0.14999771118164062,Bearish
2023-07-05,32.29999923706055,32.400001525878906,32.25,32.349998474121094,31.131563186645508,5349418,32.29999990463257,32.293090744018556,0.15479640322462185,0.15000152587890625,Bullish
2023-07-06,32.29999923706055,32.349998474121094,32.20000076293945,32.29999923706055,31.08344841003418,3438050,32.33249988555908,32.34181800842285,-0.1545571543088209,0.14999771118164062,Bearish
2023-07-09,32.29999923706055,32.349998474121094,32.25,32.29999923706055,31.08344841003418,3050612,32.33749980926514,32.38599983215332,0.0,0.09999847412109375,Bearish
2023-07-10,32.20000076293945,32.29999923706055,32.150001525878906,32.150001525878906,30.93910026550293,4007160,32.314999961853026,32.3989998626709,-0.46438920967383224,0.14999771118164062,Bearish
2023-07-11,32.150001525878906,32.25,32.099998474121094,32.099998474121094,30.89097785949707,5613729,32.29249992370605,32.38645439147949,-0.1555304802009494,0.15000152587890625,Bearish
2023-07-12,32.20000076293945,32.349998474121094,32.150001525878906,32.20000076293945,30.987213134765625,4516011,32.28249988555908,32.37590896606445,0.3115336248348477,0.1999969482421875,Bearish
2023-07-13,32.25,32.29999923706055,32.150001525878906,32.150001525878906,30.93910026550293,4601798,32.267499923706055,32.364363555908206,-0.15527713004930277,0.14999771118164062,Bearish
2023-07-16,32.150001525878906,32.20000076293945,32.0,32.150001525878906,30.93910026550293,5293094,32.257500076293944,32.34736358642578,0.0,0.20000076293945312,Bearish
2023-07-17,32.099998474121094,32.349998474121094,32.0,32.29999923706055,31.08344841003418,21493538,32.257500076293944,32.33790901184082,0.46655584467361066,0.34999847412109375,Bullish
2023-07-18,32.25,32.29999923706055,32.099998474121094,32.29999923706055,31.08344841003418,5942136,32.2625,32.3393635559082,0.0,0.20000076293945312,Bullish
2023-07-19,32.150001525878906,32.29999923706055,32.0,32.29999923706055,31.08344841003418,7723155,32.24499988555908,32.34718173980713,0.0,0.2999992370605469,Bullish
2023-07-20,32.25,32.29999923706055,32.0,32.29999923706055,31.08344841003418,7585662,32.23499984741211,32.355909004211426,0.0,0.2999992370605469,Bullish
2023-07-23,32.20000076293945,32.400001525878906,32.04999923706055,32.349998474121094,31.131563186645508,7558158,32.23749980926514,32.35290897369385,0.15479640322462185,0.3500022888183594,Bullish
2023-07-24,32.29999923706055,32.349998474121094,32.150001525878906,32.25,31.035329818725582,8931808,32.24499988555908,32.346999931335446,-0.3091143086176307,0.1999969482421875,Bearish
2023-07-25,32.29999923706055,32.400001525878906,32.20000076293945,32.349998474121094,31.131563186645508,7099013,32.25499973297119,32.32199993133545,0.310072787972393,0.20000076293945312,Bullish
2023-07-26,32.29999923706055,32.599998474121094,32.20000076293945,32.400001525878906,31.1796817779541,10957117,32.26499977111816,32.29899997711182,0.15456894626382223,0.3999977111816406,Bullish
2023-07-27,32.400001525878906,32.54999923706055,32.20000076293945,32.29999923706055,31.08344841003418,25154263,32.26749973297119,32.27199993133545,-0.308649025027008,0.34999847412109375,Bearish
2023-07-30,32.29999923706055,32.5,32.20000076293945,32.29999923706055,31.08344841003418,5877354,32.27249965667725,32.24399990081787,0.0,0.2999992370605469,Bearish
2023-07-31,32.29999923706055,32.400001525878906,32.099998474121094,32.400001525878906,31.1796817779541,9775105,32.277499771118165,32.229999961853025,0.30960461665776595,0.3000030517578125,Bullish
2023-08-01,32.400001525878906,32.5,32.150001525878906,32.25,31.035329818725582,7680748,32.27499980926514,32.22699993133545,-0.4629676506622826,0.34999847412109375,Bearish
2023-08-02,32.29999923706055,32.349998474121094,32.099998474121094,32.25,31.035329818725582,6334508,32.26999988555908,32.229999961853025,0.0,0.25,Bearish
2023-08-03,32.150001525878906,32.5,32.150001525878906,32.25,31.035329818725582,10511260,32.267499923706055,32.22699993133545,0.0,0.34999847412109375,Bullish
2023-08-06,32.25,32.400001525878906,32.20000076293945,32.29999923706055,31.08344841003418,7194280,32.267499923706055,32.22499988555908,0.1550363939861965,0.20000076293945312,Bullish
2023-08-07,32.400001525878906,33.0,32.25,32.650001525878906,31.420263290405277,28346998,32.29249992370605,32.23299991607666,1.083598442989353,0.75,Bullish
2023-08-08,32.75,33.599998474121094,32.70000076293945,33.04999923706055,31.805198669433597,26548628,32.339999961853025,32.25199993133545,1.2251077870994775,0.8999977111816406,Bullish
2023-08-09,33.099998474121094,33.599998474121094,33.0,33.150001525878906,31.90143203735352,14715086,32.3875,32.27499996185303,0.3025787931220991,0.5999984741210938,Bullish
2023-08-10,33.20000076293945,34.150001525878906,33.20000076293945,34.0,32.719417572021484,29090311,32.47999992370605,32.316999969482424,2.5640978431253902,0.9500007629394531,Bullish
2023-08-13,34.0,34.54999923706055,34.0,34.54999923706055,33.24870300292969,15763784,32.599999809265135,32.36899993896484,1.6176448148839562,0.5499992370605469,Bullish
2023-08-14,34.5,34.70000076293945,34.25,34.599998474121094,33.29681396484375,16978444,32.714999771118165,32.42599990844727,0.14471559526667566,0.4500007629394531,Bullish
2023-08-15,34.45000076293945,34.650001525878906,34.04999923706055,34.400001525878906,33.10435485839844,16289575,32.819999885559085,32.47699993133545,-0.5780258874628963,0.6000022888183594,Bearish
2023-08-16,34.349998474121094,34.849998474121094,34.099998474121094,34.45000076293945,33.152469635009766,19533666,32.92749996185303,32.53599994659424,0.14534661291492057,0.75,Bullish
2023-08-17,34.45000076293945,35.099998474121094,34.25,35.04999923706055,33.7298698425293,26806203,33.064999961853026,32.60399993896485,1.7416501040155463,0.8499984741210938,Bullish
2023-08-20,35.04999923706055,35.099998474121094,34.54999923706055,35.0,33.68175506591797,15238486,33.19750003814697,32.65999992370605,-0.14265117874148192,0.5499992370605469,Bearish
2023-08-21,34.95000076293945,34.95000076293945,34.25,34.45000076293945,33.152469635009766,18652897,33.30750007629395,32.69699996948242,-1.5714263916015603,0.7000007629394531,Bearish
2023-08-22,34.29999923706055,34.599998474121094,34.25,34.400001525878906,33.10435485839844,18224009,33.410000228881835,32.734000015258786,-0.1451356631444134,0.34999847412109375,Bullish
2023-08-23,34.349998474121094,34.79999923706055,34.20000076293945,34.5,33.20058822631836,13388241,33.51500015258789,32.77599998474121,0.29069322582984114,0.5999984741210938,Bullish
2023-08-24,34.45000076293945,34.95000076293945,34.29999923706055,34.650001525878906,33.34493637084961,14284621,33.63250026702881,32.82,0.4347870315330571,0.6500015258789062,Bullish
2023-08-27,34.650001525878906,35.04999923706055,34.599998474121094,34.79999923706055,33.48928451538086,18767190,33.75750026702881,32.86900001525879,0.4328938083007383,0.4500007629394531,Bullish
2023-08-28,34.75,35.150001525878906,34.45000076293945,34.54999923706055,33.24870300292969,20128293,33.86500015258789,32.914000015258786,-0.718390820347381,0.7000007629394531,Bearish
2023-08-29,34.5,34.54999923706055,34.04999923706055,34.099998474121094,32.815650939941406,15513670,33.95750007629395,32.95199996948242,-1.3024624395845286,0.5,Bearish
2023-08-30,34.150001525878906,34.900001525878906,33.95000076293945,34.849998474121094,33.53739929199219,16924373,34.0875,32.99599990844727,2.1994135881536314,0.9500007629394531,Bullish
2023-08-31,34.70000076293945,34.900001525878906,34.349998474121094,34.900001525878906,33.58552169799805,20887272,34.22000007629394,33.043999938964845,0.14348078607504533,0.5500030517578125,Bullish
2023-09-03,34.599998474121094,34.70000076293945,34.25,34.45000076293945,33.152469635009766,12030768,34.32750015258789,33.08699996948242,-1.2894004105007517,0.4500007629394531,Bearish
2023-09-04,34.400001525878906,34.400001525878906,34.04999923706055,34.29999923706055,33.00811767578125,13714339,34.410000038146975,33.13099998474121,-0.4354180625745441,0.3500022888183594,Bearish
2023-09-05,34.25,34.29999923706055,33.95000076293945,34.099998474121094,32.815650939941406,15699150,34.4625,33.16999992370606,-0.5830926162918249,0.34999847412109375,Bearish
2023-09-06,34.099998474121094,34.25,33.95000076293945,34.0,32.719417572021484,14109107,34.50499992370605,33.20599990844727,-0.29325067036874986,0.2999992370605469,Bearish
2023-09-07,34.0,34.400001525878906,33.849998474121094,34.150001525878906,32.86376953125,14194811,34.5125,33.24399993896484,0.4411809584673687,0.5500030517578125,Bullish
2023-09-10,34.150001525878906,34.150001525878906,33.75,33.95000076293945,32.67130279541016,9850983,34.482500076293945,33.278999938964844,-0.5856537452506139,0.40000152587890625,Bearish
2023-09-11,33.75,33.79999923706055,33.25,33.79999923706055,32.81927490234375,13532644,34.44250011444092,33.308999938964845,-0.4418306995817578,0.5499992370605469,Bullish
2023-09-12,33.599998474121094,33.75,33.25,33.29999923706055,32.33378601074219,11040997,34.3875,33.32899993896484,-1.479289974219189,0.5,Bearish
2023-09-13,33.25,33.75,33.20000076293945,33.45000076293945,32.47943115234375,18216187,34.3375,33.35099998474121,0.45045504298981687,0.5499992370605469,Bullish
2023-09-14,33.5,33.95000076293945,33.5,33.95000076293945,32.96492385864258,22212389,34.28250007629394,33.38400001525879,1.4947682768186032,0.4500007629394531,Bullish
2023-09-17,33.95000076293945,34.29999923706055,33.849998474121094,34.099998474121094,33.110572814941406,13056838,34.2375,33.42,0.44181946336030453,0.4500007629394531,Bullish
2023-09-18,34.099998474121094,34.20000076293945,33.79999923706055,34.20000076293945,33.20766830444336,16277240,34.225,33.460999984741214,0.2932618571647616,0.40000152587890625,Bullish
2023-09-19,34.0,34.400001525878906,34.0,34.29999923706055,33.30476760864258,22742251,34.21999988555908,33.505,0.2923931926617218,0.40000152587890625,Bullish
2023-09-20,34.25,34.5,34.099998474121094,34.29999923706055,33.30476760864258,19406894,34.20999984741211,33.54699996948242,0.0,0.40000152587890625,Bullish
2023-09-21,34.25,34.349998474121094,33.849998474121094,34.099998474121094,33.110572814941406,15356309,34.182499694824216,33.58599990844726,-0.5830926162918249,0.5,Bearish
2023-09-25,34.04999923706055,34.29999923706055,33.75,33.95000076293945,32.96492385864258,16105497,34.13999977111816,33.62199989318847,-0.43987600555313033,0.5499992370605469,Bearish
2023-09-26,33.900001525878906,34.400001525878906,33.75,34.25,33.25621795654297,17426833,34.124999809265134,33.660999908447266,0.8836501629420734,0.6500015258789062,Bullish
2023-09-27,34.150001525878906,34.849998474121094,34.0,34.849998474121094,33.838809967041016,20015714,34.162499809265135,33.71199989318848,1.7518203623973605,0.8499984741210938,Bullish
2023-09-28,34.849998474121094,35.150001525878906,34.79999923706055,35.0,33.98445510864258,36859450,34.16999988555908,33.76599990844726,0.43042046613084306,0.3500022888183594,Bullish
2023-10-01,34.95000076293945,35.0,34.599998474121094,34.70000076293945,33.69316482543945,11451962,34.15999984741211,33.81399993896484,-0.8571406773158485,0.40000152587890625,Bearish
2023-10-02,34.650001525878906,34.75,34.150001525878906,34.29999923706055,33.30476760864258,14139534,34.152499771118165,33.852999954223634,-1.1527421241619096,0.5999984741210938,Bearish
2023-10-03,34.20000076293945,34.29999923706055,34.0,34.04999923706055,33.0620231628418,19661588,34.13999977111816,33.888999938964844,-0.7288629899731336,0.2999992370605469,Bearish
2023-10-04,34.0,34.04999923706055,33.650001525878906,33.79999923706055,32.81927490234375,10975391,34.124999809265134,33.91799995422363,-0.7342144070531909,0.3999977111816406,Bearish
2023-10-05,33.75,33.75,33.45000076293945,33.45000076293945,32.47943115234375,11866305,34.09749984741211,33.93899993896484,-1.035498467518703,0.2999992370605469,Bearish
2023-10-08,33.400001525878906,33.54999923706055,33.150001525878906,33.54999923706055,32.57653045654297,7559795,34.06749973297119,33.96399993896485,0.2989490936929462,0.3999977111816406,Bullish
2023-10-09,33.54999923706055,33.650001525878906,33.25,33.599998474121094,32.62507629394531,13495768,34.04999961853027,33.98999992370605,0.14902902592413003,0.40000152587890625,Bullish
2023-10-10,33.599998474121094,34.04999923706055,33.45000076293945,34.0,33.01347732543945,14806577,34.05999965667725,34.02199989318848,1.1904807858458266,0.5999984741210938,Bullish
2023-10-11,34.0,34.0,33.45000076293945,33.54999923706055,32.57653045654297,8177747,34.072499656677245,34.04799987792969,-1.3235316557042687,0.5499992370605469,Bearish
2023-10-12,33.5,33.75,33.20000076293945,33.70000076293945,32.72218322753906,11432858,34.08499965667725,34.07699989318848,0.4470984479582718,0.5499992370605469,Bullish
2023-10-15,33.54999923706055,33.75,33.29999923706055,33.349998474121094,32.3823356628418,21877754,34.05499954223633,34.0989998626709,-1.038582435889035,0.4500007629394531,Bearish
2023-10-16,33.29999923706055,33.5,33.20000076293945,33.400001525878906,32.430885314941406,13361052,34.01999969482422,34.12099990844727,0.14993419503936956,0.2999992370605469,Bullish
2023-10-17,33.400001525878906,33.650001525878906,33.349998474121094,33.45000076293945,32.47943115234375,12066022,33.98249969482422,34.136999893188474,0.14969830771356385,0.3000030517578125,Bullish
2023-10-18,33.400001525878906,33.70000076293945,33.349998474121094,33.400001525878906,32.430885314941406,10894732,33.937499809265134,34.143999938964846,-0.1494745468464731,0.3500022888183594,Bearish
2023-10-19,33.349998474121094,33.599998474121094,33.29999923706055,33.5,32.52798080444336,10470436,33.89749984741211,34.15099990844727,0.2993966154271277,0.2999992370605469,Bullish
2023-10-22,33.400001525878906,33.54999923706055,33.25,33.349998474121094,32.3823356628418,9069190,33.85999984741211,34.13799987792969,-0.4477657488922593,0.2999992370605469,Bearish
2023-10-23,33.29999923706055,33.45000076293945,33.150001525878906,33.25,32.28523635864258,10767626,33.82499980926514,34.111999893188475,-0.2998455133324529,0.2999992370605469,Bearish
2023-10-24,33.25,33.400001525878906,33.04999923706055,33.20000076293945,32.23668670654297,8034081,33.77249984741211,34.083999938964844,-0.15037364529487673,0.3500022888183594,Bearish
2023-10-25,33.20000076293945,33.25,32.79999923706055,33.04999923706055,32.09103775024414,14156165,33.68249988555908,34.056999893188475,-0.45181181455378194,0.4500007629394531,Bearish
2023-10-26,33.0,33.29999923706055,32.75,33.20000076293945,32.23668670654297,15720398,33.59249992370606,34.03199989318848,0.4538624185827622,0.5499992370605469,Bullish
2023-10-29,33.099998474121094,33.099998474121094,32.849998474121094,32.95000076293945,31.99394416809082,10217640,33.50499992370605,33.98999992370605,-0.753012030888478,0.25,Bearish
2023-10-30,32.95000076293945,33.20000076293945,32.849998474121094,32.95000076293945,31.99394416809082,10943495,33.4375,33.948999938964846,0.0,0.3500022888183594,Bearish
2023-10-31,32.95000076293945,33.45000076293945,32.849998474121094,33.29999923706055,32.33378601074219,18420094,33.4,33.92599990844727,1.062210822510079,0.6000022888183594,Bullish
2023-11-01,33.25,33.400001525878906,32.95000076293945,33.150001525878906,32.18813705444336,13986605,33.367500114440915,33.90099990844727,-0.45044358744219526,0.4500007629394531,Bearish
2023-11-02,33.099998474121094,33.45000076293945,33.04999923706055,33.150001525878906,32.18813705444336,13973844,33.35250015258789,33.87399993896484,0.0,0.40000152587890625,Bullish
2023-11-05,33.099998474121094,33.45000076293945,33.099998474121094,33.29999923706055,32.33378601074219,11194135,33.34000015258789,33.846999893188475,0.45248176252583594,0.3500022888183594,Bullish
2023-11-06,33.25,33.45000076293945,33.150001525878906,33.45000076293945,32.47943115234375,12769885,33.332500267028806,33.81999992370606,0.45045504298981687,0.2999992370605469,Bullish
2023-11-07,33.54999923706055,33.75,33.400001525878906,33.599998474121094,32.62507629394531,16015994,33.312500190734866,33.80099990844727,0.4484236405394304,0.34999847412109375,Bullish
2023-11-08,33.5,33.599998474121094,33.349998474121094,33.54999923706055,32.57653045654297,12092091,33.312500190734866,33.789999923706056,-0.14880725991418542,0.25,Bullish
2023-11-09,33.45000076293945,33.650001525878906,33.349998474121094,33.5,32.52798080444336,10624730,33.30250015258789,33.76299995422363,-0.14902902592414113,0.3000030517578125,Bullish
2023-11-12,33.5,33.849998474121094,33.45000076293945,33.54999923706055,32.57653045654297,14937567,33.312500190734866,33.73599990844727,0.1492514539120693,0.3999977111816406,Bullish
2023-11-13,33.54999923706055,33.70000076293945,33.45000076293945,33.70000076293945,32.72218322753906,11786376,33.32750015258789,33.72099990844727,0.4470984479582718,0.25,Bullish
2023-11-14,33.70000076293945,33.900001525878906,33.599998474121094,33.849998474121094,32.86782455444336,12188911,33.347500038146975,33.71199989318848,0.44509705574427016,0.3000030517578125,Bullish
2023-11-15,33.400001525878906,33.54999923706055,33.25,33.5,32.821189880371094,15132749,33.35249996185303,33.69999992370605,-1.0339689509548222,0.2999992370605469,Bullish
2023-11-16,33.400001525878906,33.79999923706055,33.349998474121094,33.650001525878906,32.96815490722656,16043383,33.36000003814697,33.69299995422363,0.4477657488922482,0.4500007629394531,Bullish
2023-11-19,33.599998474121094,33.79999923706055,33.5,33.75,33.066123962402344,9204722,33.38000011444092,33.68499992370605,0.2971722721741621,0.2999992370605469,Bullish
2023-11-20,33.70000076293945,33.70000076293945,33.45000076293945,33.45000076293945,32.7722053527832,14500168,33.39000015258789,33.67499992370605,-0.8888866283275454,0.25,Bearish
2023-11-21,33.45000076293945,33.54999923706055,33.25,33.45000076293945,32.7722053527832,17930019,33.40250015258789,33.66799995422363,0.0,0.2999992370605469,Bearish
2023-11-22,33.400001525878906,33.5,33.25,33.45000076293945,32.7722053527832,9985773,33.42250022888184,33.67099998474121,0.0,0.25,Bullish
2023-11-23,33.400001525878906,33.5,33.25,33.45000076293945,32.7722053527832,9985773,33.43500022888183,33.67099998474121,0.0,0.25,Bullish
2023-11-26,33.349998474121094,33.45000076293945,33.25,33.400001525878906,32.72322082519531,8775067,33.457500267028806,33.66,-0.1494745468464731,0.20000076293945312,Bullish
2023-11-27,33.349998474121094,33.400001525878906,33.20000076293945,33.25,32.57625961303711,12504081,33.472500228881835,33.64300003051758,-0.4491063443894827,0.20000076293945312,Bearish
2023-11-28,33.25,33.349998474121094,33.099998474121094,33.25,32.57625961303711,12473534,33.47000026702881,33.62400001525879,0.0,0.25,Bearish
2023-11-29,33.29999923706055,33.349998474121094,33.150001525878906,33.29999923706055,32.625240325927734,7984602,33.47750015258789,33.60400001525879,0.15037364529488784,0.1999969482421875,Bearish
2023-11-30,33.25,33.400001525878906,33.150001525878906,33.20000076293945,32.52727127075195,19718993,33.48000011444092,33.58200004577637,-0.3002957249614635,0.25,Bearish
2023-12-03,33.25,33.349998474121094,33.150001525878906,33.349998474121094,32.67422866821289,9157522,33.482500076293945,33.56700004577637,0.45180032450204965,0.1999969482421875,Bullish
2023-12-04,33.25,33.29999923706055,33.150001525878906,33.20000076293945,32.52727127075195,10703463,33.47000007629394,33.55200004577637,-0.4497682699986849,0.14999771118164062,Bearish
2023-12-05,33.20000076293945,33.25,32.95000076293945,33.04999923706055,32.38031005859375,13334665,33.44250011444092,33.528000030517575,-0.45181181455378194,0.2999992370605469,Bearish
2023-12-06,33.04999923706055,33.20000076293945,32.95000076293945,33.0,32.331321716308594,10200836,33.41500015258789,33.49100006103516,-0.1512836254606631,0.25,Bearish
2023-12-07,32.95000076293945,33.150001525878906,32.849998474121094,33.04999923706055,32.38031005859375,10535748,33.39250011444092,33.452000045776366,0.1515128395774168,0.3000030517578125,Bullish
2023-12-10,33.0,33.20000076293945,32.900001525878906,32.95000076293945,32.2823371887207,9726697,33.36250019073486,33.41700004577637,-0.3025672509213262,0.2999992370605469,Bearish
2023-12-11,33.0,33.099998474121094,32.79999923706055,33.04999923706055,32.38031005859375,13793898,33.33000011444092,33.39200004577637,0.3034854986515345,0.2999992370605469,Bullish
2023-12-12,33.0,33.04999923706055,32.79999923706055,32.95000076293945,32.2823371887207,10069164,33.285000228881835,33.37000007629395,-0.3025672509213262,0.25,Bearish
2023-12-13,32.95000076293945,32.95000076293945,32.70000076293945,32.79999923706055,32.1353759765625,12674333,33.250000190734866,33.350000076293945,-0.4552398252069878,0.25,Bearish
2023-12-14,32.79999923706055,33.0,32.70000076293945,32.900001525878906,32.23335266113281,20313022,33.212500190734865,33.339000091552734,0.30488503397696487,0.2999992370605469,Bullish
2023-12-17,32.900001525878906,33.04999923706055,32.75,32.900001525878906,32.23335266113281,11331794,33.17000026702881,33.3260001373291,0.0,0.2999992370605469,Bearish
2023-12-18,32.849998474121094,33.099998474121094,32.79999923706055,33.099998474121094,32.429298400878906,16433411,33.15250015258789,33.3160001373291,0.6078934315090212,0.2999992370605469,Bullish
2023-12-19,33.0,33.25,32.95000076293945,33.04999923706055,32.38031005859375,19479366,33.132500076293944,33.297000122070315,-0.15105510382316112,0.2999992370605469,Bullish
2023-12-20,33.0,33.25,32.95000076293945,33.099998474121094,32.429298400878906,13324412,33.11499996185303,33.28800010681152,0.1512836254606631,0.2999992370605469,Bullish
2023-12-21,33.0,33.099998474121094,32.79999923706055,33.0,32.331321716308594,11240688,33.09249992370606,33.274000091552736,-0.30211020764631114,0.2999992370605469,Bearish
2023-12-24,32.95000076293945,33.099998474121094,32.849998474121094,33.0,32.331321716308594,12165552,33.07249984741211,33.267000122070314,0.0,0.25,Bullish
2023-12-25,33.0,33.099998474121094,32.849998474121094,33.099998474121094,32.429298400878906,15869070,33.06499977111817,33.261000061035155,0.3030256791548336,0.25,Bullish
2023-12-26,33.04999923706055,33.099998474121094,32.900001525878906,33.04999923706055,32.38031005859375,14598967,33.05499973297119,33.253000030517576,-0.15105510382316112,0.1999969482421875,Bearish
2023-12-27,33.099998474121094,33.25,33.0,33.150001525878906,32.4782829284668,14815683,33.04749984741211,33.24800003051758,0.3025787931220991,0.25,Bullish
2023-12-28,33.150001525878906,33.25,32.95000076293945,33.04999923706055,32.38031005859375,12720450,33.03999977111816,33.23900001525879,-0.3016660157324269,0.2999992370605469,Bearish
2023-12-31,33.04999923706055,33.099998474121094,32.900001525878906,33.0,32.331321716308594,10776909,33.02249984741211,33.23200004577637,-0.1512836254606631,0.1999969482421875,Bearish
2024-01-01,33.0,33.150001525878906,32.900001525878906,33.04999923706055,32.38031005859375,12123324,33.01499977111816,33.22800003051758,0.1515128395774168,0.25,Bullish
2024-01-02,33.04999923706055,33.25,32.95000076293945,33.04999923706055,32.38031005859375,23618273,33.01499977111816,33.225,0.0,0.2999992370605469,Bearish
2024-01-03,33.04999923706055,33.099998474121094,32.900001525878906,32.95000076293945,32.2823371887207,16763963,33.01249980926514,33.223000030517575,-0.3025672509213262,0.1999969482421875,Bearish
2024-01-04,33.0,33.150001525878906,32.900001525878906,33.04999923706055,32.38031005859375,15268369,33.01249980926514,33.22,0.3034854986515345,0.25,Bullish
2024-01-07,33.0,33.349998474121094,33.0,33.25,32.57625961303711,16715247,33.027499771118165,33.22599998474121,0.6051460440434253,0.34999847412109375,Bullish
2024-01-08,33.25,33.650001525878906,33.20000076293945,33.45000076293945,32.7722053527832,24260161,33.04749984741211,33.23599998474121,0.601506053953238,0.4500007629394531,Bullish
2024-01-09,33.45000076293945,33.75,33.20000076293945,33.25,32.57625961303711,26821380,33.062499809265134,33.235,-0.5979095915628285,0.5499992370605469,Bearish
2024-01-10,33.25,33.29999923706055,32.900001525878906,32.900001525878906,32.23335266113281,21196971,33.06749992370605,33.23,-1.0526269898378793,0.3999977111816406,Bearish
2024-01-11,32.900001525878906,33.04999923706055,32.79999923706055,32.849998474121094,32.18436050415039,13864987,33.06499977111817,33.223999938964845,-0.15198495270123402,0.25,Bearish
2024-01-14,32.849998474121094,33.0,32.79999923706055,32.849998474121094,32.18436050415039,6180792,33.062499618530275,33.21499992370605,0.0,0.20000076293945312,Bearish
2024-01-15,32.849998474121094,32.900001525878906,32.400001525878906,32.400001525878906,31.743480682373047,22399590,33.027499771118165,33.19399993896484,-1.3698537873500727,0.5,Bearish
2024-01-16,32.400001525878906,32.599998474121094,31.899999618530277,31.950000762939453,31.302600860595703,29225270,32.97249984741211,33.16099998474121,-1.3888911782304225,0.6999988555908168,Bearish
2024-01-17,32.099998474121094,32.099998474121094,31.75,31.75,31.106651306152344,25236179,32.90499992370606,33.125,-0.6259804637358424,0.34999847412109375,Bearish
2024-01-18,31.850000381469727,32.150001525878906,31.649999618530277,31.899999618530277,31.253612518310547,19204881,32.84999990463257,33.09299999237061,0.472439743402453,0.5000019073486293,Bullish
2024-01-21,32.04999923706055,32.25,31.899999618530277,32.0,31.351585388183597,11123947,32.79999990463257,33.06200000762939,0.31348082340301175,0.350000381469723,Bearish
2024-01-22,32.0,32.0,32.0,32.0,31.351585388183597,0,32.744999980926515,33.0279999923706,0.0,0.0,Bearish
2024-01-23,31.700000762939453,31.799999237060547,31.450000762939453,31.649999618530277,31.008678436279297,15684453,32.675,32.98400001525879,-1.0937511920928844,0.34999847412109375,Bearish
2024-01-24,31.649999618530277,31.899999618530277,31.549999237060547,31.700000762939453,31.057666778564453,13884658,32.60249996185303,32.94800003051758,0.15798150082726448,0.3500003814697301,Bullish
2024-01-25,31.700000762939453,31.850000381469727,31.5,31.549999237060547,30.910703659057617,16870115,32.527499961853025,32.905999984741214,-0.47319092198342405,0.35000038146972656,Bearish
2024-01-28,31.649999618530277,31.700000762939453,31.350000381469727,31.399999618530277,30.763744354248047,12645751,32.447499942779544,32.85899997711182,-0.4754346185659175,0.35000038146972656,Bearish
2024-01-29,31.399999618530277,31.549999237060547,31.149999618530277,31.25,30.616783142089844,18653657,32.35749998092651,32.81499996185303,-0.4777057973012089,0.3999996185302699,Bearish
2024-01-30,31.299999237060547,31.5,31.25,31.299999237060547,30.665769577026367,13729576,32.269999980926514,32.77199993133545,0.15999755859374964,0.25,Bearish
2024-01-31,31.299999237060547,31.350000381469727,30.600000381469727,30.600000381469727,29.97995376586914,20684022,32.152499961853025,32.71499992370606,-2.236418123493089,0.75,Bearish
2024-02-01,30.600000381469727,31.0,30.549999237060547,31.0,30.371849060058597,18080487,32.05,32.66599990844727,1.3071882795547163,0.4500007629394531,Bullish
2024-02-04,31.0,31.0,30.850000381469727,30.950000762939453,30.32286262512207,8308324,31.935000038146974,32.61699989318848,-0.16128786148563723,0.14999961853027344,Bearish
2024-02-05,31.0,31.0,30.600000381469727,30.799999237060547,30.175901412963867,12869589,31.802499961853027,32.567999877929694,-0.48465758378436474,0.39999961853027344,Bearish
2024-02-06,30.799999237060547,31.350000381469727,30.700000762939453,31.350000381469727,30.714757919311523,17214251,31.707499980926514,32.529999885559086,1.7857180455620902,0.6499996185302734,Bullish
2024-02-07,31.299999237060547,31.299999237060547,30.899999618530277,31.049999237060547,30.42083549499512,11743893,31.614999866485597,32.484999885559084,-0.9569414378269192,0.3999996185302699,Bearish
2024-02-08,31.299999237060547,31.299999237060547,30.899999618530277,31.049999237060547,30.42083549499512,11743893,31.52499990463257,32.44199985504151,0.0,0.3999996185302699,Bearish
2024-02-11,30.700000762939453,30.899999618530277,30.350000381469727,30.450000762939453,29.83299446105957,12831893,31.405000019073487,32.38399990081788,-1.9323622829753528,0.5499992370605504,Bearish
2024-02-12,30.450000762939453,31.0,30.350000381469727,30.899999618530277,30.273876190185547,12173609,31.329999923706055,32.33799987792969,1.477828716965135,0.6499996185302734,Bullish
2024-02-13,30.950000762939453,31.799999237060547,30.950000762939453,31.75,31.106651306152344,32885941,31.31999988555908,32.31199989318848,2.750810329978104,0.8499984741210938,Bullish
2024-02-14,31.75,32.150001525878906,31.600000381469727,31.950000762939453,31.302600860595703,22818423,31.329999923706055,32.29099990844727,0.6299236628014349,0.5500011444091797,Bullish
2024-02-15,31.950000762939453,32.29999923706055,31.799999237060547,31.950000762939453,31.302600860595703,22239458,31.332499980926514,32.268999938964846,0.0,0.5,Bearish
2024-02-18,31.899999618530277,32.099998474121094,31.850000381469727,31.950000762939453,31.302600860595703,8742507,31.330000019073488,32.24899993896485,0.0,0.2499980926513672,Bullish
2024-02-19,31.899999618530277,32.0,31.799999237060547,31.950000762939453,31.302600860595703,12043315,31.32750005722046,32.22699996948243,0.0,0.20000076293945312,Bullish
2024-02-20,31.950000762939453,32.0,31.549999237060547,31.649999618530277,31.008678436279297,10781599,31.32750005722046,32.200999946594244,-0.9389706956037469,0.4500007629394531,Bearish
2024-02-21,31.600000381469727,32.150001525878906,31.549999237060547,32.0,31.351585388183597,19596113,31.342500019073487,32.18499996185303,1.1058464002786428,0.6000022888183594,Bullish
2024-02-25,32.0,32.099998474121094,31.850000381469727,31.950000762939453,31.302600860595703,3965313,31.36250009536743,32.16599994659424,-0.15624761581420898,0.2499980926513672,Bearish
2024-02-26,31.850000381469727,32.0,31.700000762939453,31.799999237060547,31.1556396484375,7498271,31.382500076293944,32.143999900817875,-0.46948833269795376,0.2999992370605469,Bearish
2024-02-27,31.799999237060547,31.950000762939453,31.649999618530277,31.950000762939453,31.302600860595703,5686447,31.41750011444092,32.120999946594246,0.4717029228858971,0.30000114440917613,Bullish
2024-02-28,31.899999618530277,31.950000762939453,31.700000762939453,31.899999618530277,31.253612518310547,4593928,31.447500133514403,32.09799995422364,-0.15649810083001592,0.25,Bearish
2024-02-29,31.899999618530277,31.899999618530277,31.700000762939453,31.700000762939453,31.057666778564453,6418785,31.502500152587892,32.07000000000001,-0.6269556676566479,0.19999885559082387,Bearish
2024-03-03,31.700000762939453,31.799999237060547,31.5,31.549999237060547,30.910703659057617,5610229,31.530000114440917,32.04099998474121,-0.47319092198342405,0.2999992370605469,Bearish
2024-03-04,31.549999237060547,31.600000381469727,31.100000381469727,31.200000762939453,30.567798614501957,12502459,31.54250011444092,32.005,-1.1093454281607906,0.5,Bearish
2024-03-05,31.200000762939453,31.200000762939453,31.200000762939453,31.200000762939453,30.567798614501957,0,31.562500190734863,31.967000045776373,0.0,0.0,Bearish
2024-03-06,31.600000381469727,31.75,31.399999618530277,31.700000762939453,31.057666778564453,10397647,31.58000020980835,31.94000007629395,1.6025640633763105,0.350000381469723,Bullish
2024-03-07,31.700000762939453,31.799999237060547,31.350000381469727,31.75,31.106651306152344,8148176,31.615000247955322,31.91200004577637,0.15772629607946342,0.4499988555908203,Bullish
2024-03-10,32.099998474121094,32.650001525878906,32.04999923706055,32.20000076293945,31.54753303527832,16067368,31.672500324249267,31.89500007629395,1.417325237604583,0.6000022888183594,Bullish
2024-03-11,32.20000076293945,32.20000076293945,31.75,31.899999618530277,31.253612518310547,9842342,31.745000267028807,31.873000068664556,-0.9316805506242809,0.4500007629394531,Bearish
2024-03-12,32.0,32.099998474121094,31.899999618530277,32.04999923706055,31.40057182312012,5521581,31.802500247955322,31.853000068664556,0.4702182455298187,0.19999885559081676,Bullish
2024-03-13,32.04999923706055,32.25,31.799999237060547,32.04999923706055,31.40057182312012,11826137,31.81750020980835,31.833000068664557,0.0,0.4500007629394531,Bearish
2024-03-14,31.700000762939453,31.75,31.200000762939453,31.25,30.920196533203125,21219052,31.782500171661376,31.799000053405766,-2.4960975229462057,0.5499992370605469,Bearish
2024-03-17,31.299999237060547,31.350000381469727,31.100000381469727,31.149999618530277,30.821250915527344,4824836,31.74250011444092,31.761000061035162,-0.32000122070311443,0.25,Bearish
2024-03-18,31.200000762939453,31.200000762939453,31.0,31.100000381469727,30.77178001403809,7729020,31.700000095367432,31.718000068664555,-0.16051119638155198,0.20000076293945312,Bearish
2024-03-19,31.100000381469727,31.399999618530277,31.049999237060547,31.399999618530277,31.068613052368164,9657336,31.67250003814697,31.67700004577637,0.9646277600668496,0.3500003814697301,Bullish
2024-03-20,31.399999618530277,31.450000762939453,31.200000762939453,31.200000762939453,30.870725631713867,9692133,31.65000009536743,31.636000061035162,-0.6369390382820139,0.25,Bearish
2024-03-21,31.25,31.299999237060547,31.149999618530277,31.200000762939453,30.870725631713867,8714425,31.610000133514404,31.60200004577637,0.0,0.14999961853026988,Bearish
2024-03-24,31.25,31.299999237060547,31.049999237060547,31.200000762939453,30.870725631713867,7391076,31.572500133514403,31.569000091552738,0.0,0.25,Bearish
2024-03-25,31.200000762939453,31.200000762939453,30.850000381469727,30.850000381469727,30.524417877197266,10517017,31.525000190734865,31.52900012969971,-1.1217960670227622,0.35000038146972656,Bearish
2024-03-26,30.899999618530277,31.049999237060547,30.799999237060547,30.850000381469727,30.524417877197266,11663894,31.470000171661376,31.498000106811528,0.0,0.25,Bearish
2024-03-27,30.899999618530277,31.0,30.799999237060547,30.799999237060547,30.47494506835937,9873178,31.41500015258789,31.47500007629395,-0.1620782618829808,0.20000076293945312,Bearish
2024-03-28,30.950000762939453,30.950000762939453,30.75,30.75,30.425472259521484,14858014,31.36750011444092,31.45500007629395,-0.16233518928268076,0.20000076293945312,Bearish
2024-03-31,30.799999237060547,30.950000762939453,30.75,30.850000381469727,30.524417877197266,5753150,31.332500171661376,31.43400009155274,0.32520449258448547,0.20000076293945312,Bullish
2024-04-01,30.850000381469727,31.049999237060547,30.700000762939453,30.75,30.425472259521484,8746188,31.310000133514404,31.409000091552734,-0.3241503411124502,0.34999847412109375,Bearish
2024-04-02,30.75,30.799999237060547,30.5,30.600000381469727,30.277055740356445,15956370,31.280000114440917,31.381000099182128,-0.48780363749681976,0.2999992370605469,Bearish
2024-04-03,30.700000762939453,30.700000762939453,30.299999237060547,30.450000762939453,30.128639221191406,22460020,31.217500114440917,31.357000122070314,-0.4901948256873512,0.40000152587890625,Bearish
2024-04-04,30.600000381469727,30.649999618530277,30.200000762939453,30.299999237060547,29.98022079467773,20947930,31.145000076293947,31.329000091552736,-0.49261583619226723,0.44999885559082387,Bearish
2024-04-15,30.649999618530277,30.799999237060547,30.299999237060547,30.299999237060547,29.98022079467773,16717457,31.05,31.304000091552734,0.0,0.5,Bearish
2024-04-16,30.399999618530277,30.450000762939453,29.799999237060547,29.899999618530277,29.584444046020508,24539116,30.95,31.274000091552736,-1.3201307874655677,0.6500015258789062,Bearish
2024-04-17,30.049999237060547,30.149999618530277,29.899999618530277,29.950000762939453,29.6339168548584,16440263,30.845000076293946,31.248000106811524,0.16722790985652658,0.25,Bearish
2024-04-18,30.0,30.049999237060547,29.850000381469727,29.899999618530277,29.584444046020508,7985988,30.73750009536743,31.220000114440918,-0.1669487249931878,0.1999988555908203,Bearish
2024-04-21,30.0,30.200000762939453,29.899999618530277,30.049999237060547,29.732860565185547,8988623,30.67750005722046,31.209000091552735,0.5016709713845824,0.30000114440917613,Bullish
2024-04-22,30.100000381469727,30.299999237060547,30.0,30.149999618530277,29.83180427551269,12033500,30.62750005722046,31.19200008392334,0.3327799800620257,0.2999992370605469,Bullish
2024-04-23,30.200000762939453,30.299999237060547,30.0,30.100000381469727,29.78233337402344,6951340,30.57750005722046,31.175000076293944,-0.1658349508894208,0.2999992370605469,Bearish
2024-04-24,30.100000381469727,30.200000762939453,30.0,30.100000381469727,29.78233337402344,9461809,30.512500095367432,31.16100009918213,0.0,0.20000076293945312,Bearish
2024-04-25,30.049999237060547,30.200000762939453,30.0,30.100000381469727,29.78233337402344,9004561,30.457500076293947,31.13600009918213,0.0,0.20000076293945312,Bullish
2024-04-28,30.100000381469727,30.100000381469727,30.100000381469727,30.100000381469727,29.78233337402344,0,30.402500057220458,31.117000122070312,0.0,0.0,Bearish
2024-04-29,30.149999618530277,30.25,30.049999237060547,30.100000381469727,29.78233337402344,14024922,30.347500038146972,31.098000144958498,0.0,0.20000076293945312,Bearish
2024-04-30,30.100000381469727,30.149999618530277,30.0,30.100000381469727,29.78233337402344,9002900,30.310000038146974,31.0910001373291,0.0,0.149999618530277,Bearish
2024-05-01,30.100000381469727,30.100000381469727,29.950000762939453,30.049999237060547,29.732860565185547,9443813,30.269999980926514,31.07400012969971,-0.16611675672921766,0.14999961853027344,Bearish
2024-05-02,30.049999237060547,30.100000381469727,29.899999618530277,29.950000762939453,29.6339168548584,9544445,30.22750005722046,31.038000144958495,-0.3327736328118336,0.20000076293944957,Bearish
2024-05-05,30.0,30.049999237060547,29.899999618530277,30.0,29.683387756347656,4981602,30.19000005722046,30.999000129699706,0.1669423565505035,0.14999961853026988,Bearish
2024-05-06,30.0,30.0,29.899999618530277,29.950000762939453,29.6339168548584,6314792,30.145000076293947,30.959000129699707,-0.16666412353515403,0.10000038146972301,Bearish
2024-05-07,30.0,30.25,29.850000381469727,29.950000762939453,29.6339168548584,22174344,30.10500011444092,30.919000129699707,0.0,0.39999961853027344,Bearish
2024-05-08,30.0,30.049999237060547,29.899999618530277,29.950000762939453,29.6339168548584,12565895,30.072500133514403,30.87900012969971,0.0,0.14999961853026988,Bearish
2024-05-09,29.950000762939453,30.0,29.850000381469727,29.850000381469727,29.534971237182617,9827019,30.04250011444092,30.843000144958495,-0.3338910815437024,0.14999961853027344,Bearish
2024-05-12,30.0,30.0,29.899999618530277,29.950000762939453,29.6339168548584,3742149,30.025000190734865,30.802000160217286,0.33500964888364404,0.10000038146972301,Bearish
2024-05-13,30.0,30.049999237060547,29.950000762939453,29.950000762939453,29.6339168548584,10656503,30.00750026702881,30.762000160217283,0.0,0.09999847412109375,Bearish
2024-05-14,30.0,30.049999237060547,29.799999237060547,29.799999237060547,29.485498428344727,14990072,30.00250024795532,30.722000160217284,-0.5008398065369013,0.25,Bearish
2024-05-15,29.549999237060547,29.549999237060547,29.200000762939453,29.299999237060547,29.299999237060547,8871583,29.970000171661376,30.669000129699707,-1.6778523919496524,0.34999847412109375,Bearish
2024-05-16,29.399999618530277,29.799999237060547,29.299999237060547,29.75,29.75,12022949,29.962500190734865,30.6260001373291,1.5358388213548624,0.5,Bullish
2024-05-19,29.75,29.75,29.75,29.75,29.75,0,29.947500228881836,30.58700012207031,0.0,0.0,Bearish
2024-05-20,29.850000381469727,30.0,29.75,29.899999618530277,29.899999618530277,11365375,29.935000228881837,30.554000129699705,0.5042003984210952,0.25,Bullish
2024-05-21,29.899999618530277,29.950000762939453,29.850000381469727,29.950000762939453,29.950000762939453,7672447,29.927500247955322,30.529000129699707,0.16722790985652658,0.10000038146972656,Bullish
2024-05-22,29.950000762939453,30.049999237060547,29.899999618530277,30.049999237060547,30.049999237060547,13327969,29.925000190734863,30.506000099182128,0.3338847131010292,0.14999961853026988,Bullish
2024-05-23,30.0,30.049999237060547,29.950000762939453,29.950000762939453,29.950000762939453,10312525,29.91750020980835,30.471000099182127,-0.3327736328118336,0.09999847412109375,Bearish
2024-05-26,29.950000762939453,29.950000762939453,29.25,29.450000762939453,29.450000762939453,10048718,29.885000228881836,30.42500011444092,-1.6694490392758388,0.7000007629394531,Bearish
2024-05-27,29.5,29.700000762939453,29.450000762939453,29.5,29.5,6216785,29.85500020980835,30.37100009918213,0.1697766919023902,0.25,Bearish
2024-05-28,29.549999237060547,29.600000381469727,29.25,29.25,29.25,6318494,29.812500190734863,30.318000106811525,-0.8474576271186418,0.35000038146972656,Bearish
2024-05-29,29.299999237060547,29.399999618530277,29.049999237060547,29.049999237060547,29.049999237060547,6575159,29.762500190734862,30.258000106811522,-0.683763292100692,0.3500003814697301,Bearish
2024-05-30,29.049999237060547,29.049999237060547,29.049999237060547,29.049999237060547,29.049999237060547,0,29.717500114440917,30.198000106811524,0.0,0.0,Bearish
2024-06-02,29.049999237060547,29.049999237060547,29.049999237060547,29.049999237060547,29.049999237060547,0,29.670000076293945,30.154000091552735,0.0,0.0,Bearish
2024-06-03,28.600000381469727,29.0,28.5,28.899999618530277,28.899999618530277,15880634,29.617500019073486,30.109000091552733,-0.5163498191728233,0.5,Bullish
2024-06-04,28.899999618530277,28.950000762939453,28.200000762939453,28.200000762939453,28.200000762939453,13966119,29.530000019073487,30.05100009918213,-2.4221414007977837,0.75,Bearish
2024-06-05,28.399999618530277,28.399999618530277,28.100000381469727,28.200000762939453,28.200000762939453,17379225,29.442500019073485,29.987000122070313,0.0,0.2999992370605504,Bearish
2024-06-06,28.299999237060547,28.649999618530277,28.25,28.299999237060547,28.299999237060547,12813303,29.364999961853027,29.929000091552734,0.3546045085662364,0.399999618530277,Bearish
2024-06-09,27.950000762939453,29.049999237060547,27.899999618530277,28.600000381469727,28.600000381469727,656283074,29.29749994277954,29.87700008392334,1.0600747438053393,1.1499996185302699,Bullish
2024-06-10,28.75,28.799999237060547,28.299999237060547,28.350000381469727,28.350000381469727,77118526,29.217499923706054,29.820000076293944,-0.8741258624666903,0.5,Bearish
2024-06-11,28.399999618530277,28.5,28.200000762939453,28.200000762939453,28.200000762939453,112909661,29.1375,29.76700008392334,-0.529099176408887,0.2999992370605469,Bearish
2024-06-12,28.299999237060547,28.350000381469727,28.200000762939453,28.299999237060547,28.299999237060547,116323177,29.0875,29.716000061035157,0.3546045085662364,0.14999961853027344,Bearish
2024-06-13,28.25,28.25,27.700000762939453,27.700000762939453,27.700000762939453,42390044,28.98500003814697,29.654000091552735,-2.120136008114659,0.5499992370605469,Bearish
2024-06-23,28.100000381469727,28.200000762939453,28.0,28.100000381469727,28.100000381469727,11073861,28.902500057220458,29.60100009918213,1.4440419043794561,0.20000076293945312,Bearish
2024-06-24,28.049999237060547,28.100000381469727,27.850000381469727,28.0,28.0,18950131,28.807500076293945,29.544000091552736,-0.35587323883337074,0.25,Bearish
2024-06-25,27.950000762939453,28.0,27.649999618530277,27.649999618530277,27.649999618530277,18849482,28.692500019073485,29.48200008392334,-1.2500013623918727,0.350000381469723,Bearish
2024-06-26,27.700000762939453,27.799999237060547,27.600000381469727,27.700000762939453,27.700000762939453,13093431,28.575000095367432,29.424000091552735,0.1808359678083571,0.1999988555908203,Bearish
2024-06-27,27.700000762939453,27.899999618530277,27.700000762939453,27.700000762939453,27.700000762939453,16542271,28.46250009536743,29.369000091552735,0.0,0.19999885559082387,Bearish
2024-06-30,27.700000762939453,27.700000762939453,27.700000762939453,27.700000762939453,27.700000762939453,0,28.375000095367433,29.31700012207031,0.0,0.0,Bearish
2024-07-01,28.0,28.299999237060547,27.950000762939453,28.0,28.0,27611872,28.30000009536743,29.2710001373291,1.0830297068508576,0.34999847412109375,Bearish
2024-07-02,28.149999618530277,28.299999237060547,28.0,28.049999237060547,28.049999237060547,20459402,28.24000005722046,29.23400012969971,0.17856870378767375,0.2999992370605469,Bearish
2024-07-03,28.149999618530277,28.149999618530277,27.850000381469727,27.850000381469727,27.850000381469727,12319500,28.18000011444092,29.19200012207031,-0.713008417221539,0.2999992370605504,Bearish
2024-07-04,27.950000762939453,28.200000762939453,27.899999618530277,28.200000762939453,28.200000762939453,13351001,28.137500190734862,29.158000144958496,1.2567338480275358,0.30000114440917613,Bullish
2024-07-07,28.25,28.299999237060547,28.100000381469727,28.149999618530277,28.149999618530277,7220793,28.09250020980835,29.12000015258789,-0.1773090179305492,0.1999988555908203,Bearish
2024-07-08,28.149999618530277,28.25,28.100000381469727,28.25,28.25,11709463,28.060000228881837,29.082000160217284,0.3552411468023431,0.14999961853027344,Bullish
2024-07-09,28.200000762939453,28.25,28.049999237060547,28.149999618530277,28.149999618530277,11185511,28.057500171661378,29.043000144958498,-0.35398365122025766,0.20000076293945312,Bearish
2024-07-10,28.149999618530277,28.149999618530277,28.0,28.100000381469727,28.100000381469727,18194817,28.05250015258789,29.003000144958495,-0.1776171855705333,0.149999618530277,Bearish
2024-07-11,28.100000381469727,28.200000762939453,28.049999237060547,28.149999618530277,28.149999618530277,14399366,28.04500017166138,28.964000129699706,0.1779332255579691,0.15000152587890625,Bullish
2024-07-14,28.149999618530277,28.25,28.100000381469727,28.100000381469727,28.100000381469727,11825264,28.020000171661376,28.924000129699706,-0.1776171855705333,0.14999961853027344,Bearish
2024-07-15,28.149999618530277,28.200000762939453,28.049999237060547,28.100000381469727,28.100000381469727,13355106,28.007500171661377,28.884000129699707,0.0,0.15000152587890625,Bearish
2024-07-16,28.149999618530277,28.25,28.100000381469727,28.25,28.25,19813530,28.010000133514403,28.847000122070312,0.5338064643913398,0.14999961853027344,Bullish
2024-07-17,28.25,28.75,28.25,28.350000381469727,28.350000381469727,19264538,28.012500190734862,28.813000144958497,0.35398365122027986,0.5,Bullish
2024-07-18,28.450000762939453,28.600000381469727,28.350000381469727,28.450000762939453,28.450000762939453,14552209,28.050000190734863,28.783000144958496,0.35273502689294745,0.25,Bearish
2024-07-21,28.399999618530277,28.600000381469727,28.350000381469727,28.5,28.5,7924443,28.070000171661377,28.753000144958495,0.17574423803066175,0.25,Bullish
2024-07-22,28.5,28.549999237060547,28.350000381469727,28.399999618530277,28.399999618530277,9813803,28.09000015258789,28.722000122070312,-0.3508785314727092,0.1999988555908203,Bearish
2024-07-23,28.399999618530277,28.450000762939453,28.100000381469727,28.100000381469727,28.100000381469727,15305405,28.112500190734863,28.685000114440918,-1.0563353559512323,0.35000038146972656,Bearish
2024-07-24,28.100000381469727,28.149999618530277,28.0,28.0,28.0,9145155,28.127500152587892,28.646000099182128,-0.35587323883337074,0.149999618530277,Bearish
2024-07-25,28.049999237060547,28.100000381469727,28.0,28.0,28.0,22235750,28.142500114440917,28.609000091552733,0.0,0.10000038146972656,Bearish
2024-07-28,28.049999237060547,28.25,28.049999237060547,28.200000762939453,28.200000762939453,5016173,28.16750011444092,28.574000091552733,0.7142884390694659,0.20000076293945312,Bullish
2024-07-29,28.25,28.25,27.899999618530277,27.899999618530277,27.899999618530277,17789061,28.162500095367438,28.53300006866455,-1.0638338166410244,0.350000381469723,Bearish
2024-07-30,27.950000762939453,28.0,27.600000381469727,27.649999618530277,27.649999618530277,14937713,28.142500114440924,28.490000076293946,-0.8960573599218202,0.39999961853027344,Bearish
2024-07-31,27.700000762939453,27.75,27.549999237060547,27.600000381469727,27.600000381469727,14093700,28.130000114440925,28.45600009918213,-0.18082906962154643,0.20000076293945312,Bearish
2024-08-01,27.649999618530277,27.75,27.450000762939453,27.5,27.5,17299251,28.09500007629395,28.41100009918213,-0.36232021770864486,0.2999992370605469,Bearish
2024-08-04,27.299999237060547,27.350000381469727,26.899999618530277,27.149999618530277,27.149999618530277,17797392,28.045000076293952,28.359000091552733,-1.272728659889899,0.4500007629394496,Bearish
2024-08-05,27.149999618530277,27.149999618530277,26.799999237060547,26.799999237060547,26.799999237060547,35547837,27.97250003814698,28.29700008392334,-1.2891358614636972,0.3500003814697301,Bearish
2024-08-06,27.100000381469727,27.5,27.049999237060547,27.200000762939453,27.200000762939453,25157030,27.925000095367437,28.24200008392334,1.4925430495003944,0.4500007629394531,Bullish
2024-08-07,27.450000762939453,27.75,27.350000381469727,27.75,27.75,18086752,27.90750007629395,28.19600009918213,2.022055961887803,0.39999961853027344,Bullish
2024-08-08,27.850000381469727,28.0,27.700000762939453,27.75,27.75,17357744,27.887500095367436,28.15200008392334,0.0,0.2999992370605469,Bearish
2024-08-11,28.0,28.0,27.850000381469727,27.950000762939453,27.950000762939453,12398587,27.880000114440925,28.12200008392334,0.7207234700520759,0.14999961853027344,Bearish
2024-08-12,28.0,28.049999237060547,27.850000381469727,27.950000762939453,27.950000762939453,20835997,27.87250013351441,28.09100009918213,0.0,0.1999988555908203,Bearish
2024-08-13,28.0,28.200000762939453,27.950000762939453,28.200000762939453,28.200000762939453,14572319,27.87000017166138,28.07000011444092,0.8944543584109343,0.25,Bullish
2024-08-14,28.200000762939453,28.350000381469727,28.149999618530277,28.149999618530277,28.149999618530277,14448655,27.86000013351441,28.05200012207031,-0.1773090179305492,0.20000076293944957,Bearish
